,current_cursor,next_cursor,per_page,total_count,total_pages
0,,100.0,100,,
1,,200.0,100,,
2,,300.0,100,,
3,,400.0,100,,
4,,500.0,100,,
5,,600.0,100,,
6,,700.0,100,,
7,,800.0,100,,
8,,900.0,100,,
9,,1000.0,100,,
10,,1100.0,100,,
11,,1200.0,100,,
12,,1300.0,100,,
13,,1400.0,100,,
14,,1500.0,100,,
15,,1600.0,100,,
16,,1700.0,100,,
17,,1800.0,100,,
18,,1900.0,100,,
19,,2000.0,100,,
20,,2100.0,100,,
21,,2200.0,100,,
22,,2300.0,100,,
23,,2400.0,100,,
24,,2500.0,100,,
25,,2600.0,100,,
26,,2700.0,100,,
27,,2800.0,100,,
28,,2900.0,100,,
29,,3000.0,100,,
30,,50609.0,100,,
31,,666758.0,100,,
32,,3547261.0,100,,
33,,4196900.0,100,,
34,,17553999.0,100,,
35,,17895912.0,100,,
36,,17896099.0,100,,
37,,38017712.0,100,,
38,,46389630.0,100,,
39,,46390224.0,100,,
40,,46390818.0,100,,
41,,46391412.0,100,,
42,,46393488.0,100,,
43,,46395070.0,100,,
44,,46397640.0,100,,
45,,46400210.0,100,,
46,,46403274.0,100,,
47,,46404362.0,100,,
48,,46405450.0,100,,
49,,46408514.0,100,,
50,,46411085.0,100,,
51,,56677873.0,100,,
52,,1028178629.0,100,,
53,,,100,,
