PLAYER_ID,PLAYER_NAME,TEAM_ID,TEAM_ABBREVIATION,AGE,GP,W,L,W_PCT,MIN,FGM,FGA,FG_PCT,FG3M,FG3A,FG3_PCT,FTM,FTA,FT_PCT,OREB,DREB,REB,AST,TOV,STL,BLK,PF,PTS,PLUS_MINUS
1630639,A.J. Lawson,1610612761,TOR,25.0,13,6,7,0.462,109.13166666666666,16,41,0.39,8,22,0.364,9,9,1.0,7,16,23,3,4,4,3,15,49,-31
1631260,AJ Green,1610612749,MIL,26.0,49,22,27,0.449,1480.285,172,391,0.44,151,350,0.431,27,34,0.794,12,116,128,99,41,27,5,115,522,14
1642358,AJ Johnson,1610612742,DAL,21.0,28,5,23,0.179,224.88333333333333,27,88,0.307,7,27,0.259,9,12,0.75,8,24,32,23,18,7,0,15,70,-12
203932,Aaron Gordon,1610612743,DEN,30.0,23,17,6,0.739,642.0016666666667,139,273,0.509,42,105,0.4,86,109,0.789,30,112,142,58,24,16,4,38,406,190
1628988,Aaron Holiday,1610612745,HOU,29.0,35,22,13,0.629,464.5,65,161,0.404,42,108,0.389,28,33,0.848,6,24,30,34,21,16,4,47,200,32
1630174,Aaron Nesmith,1610612754,IND,26.0,32,9,23,0.281,976.7333333333333,144,370,0.389,76,205,0.371,70,86,0.814,42,110,152,68,46,21,18,86,434,-106
1630598,Aaron Wiggins,1610612760,OKC,27.0,41,29,12,0.707,974.4066666666666,161,363,0.444,75,194,0.387,36,49,0.735,25,117,142,75,55,41,23,59,433,154
1642846,Ace Bailey,1610612762,UTA,19.0,49,16,33,0.327,1290.66,233,518,0.45,73,215,0.34,34,48,0.708,77,112,189,84,63,39,23,125,573,-287
1641737,Adem Bona,1610612755,PHI,22.0,45,26,19,0.578,735.23,69,119,0.58,2,5,0.4,48,71,0.676,81,95,176,10,34,17,57,97,188,-36
1642876,Adou Thiero,1610612747,LAL,21.0,17,9,8,0.529,98.25333333333333,9,20,0.45,0,1,0.0,7,9,0.778,7,11,18,5,4,5,2,15,25,1
1642349,Ajay Mitchell,1610612760,OKC,23.0,43,37,6,0.86,1128.595,222,456,0.487,48,137,0.35,114,131,0.87,29,120,149,157,68,61,14,93,606,401
201143,Al Horford,1610612744,GSW,39.0,34,19,15,0.559,701.86,96,224,0.429,49,145,0.338,17,19,0.895,33,134,167,79,33,26,36,42,258,-4
1627936,Alex Caruso,1610612760,OKC,31.0,37,29,8,0.784,679.0616666666666,85,196,0.434,39,120,0.325,25,32,0.781,19,79,98,75,29,50,13,44,234,269
1642259,Alex Sarr,1610612764,WAS,20.0,41,11,30,0.268,1156.2783333333334,285,575,0.496,40,119,0.336,94,136,0.691,96,223,319,115,70,34,82,85,704,-288
1642918,Alijah Martin,1610612761,TOR,24.0,13,6,7,0.462,96.84666666666666,11,32,0.344,2,12,0.167,10,12,0.833,6,8,14,8,3,6,3,10,34,-9
1630578,Alperen Sengun,1610612745,HOU,23.0,46,29,17,0.63,1558.9783333333332,370,744,0.497,26,87,0.299,186,269,0.691,146,285,431,289,145,62,47,151,952,164
1642873,Amari Williams,1610612738,BOS,24.0,14,9,5,0.643,111.87833333333333,7,16,0.438,0,0,0.0,8,12,0.667,7,22,29,6,6,2,9,15,22,-36
1641708,Amen Thompson,1610612745,HOU,23.0,52,32,20,0.615,1937.4766666666667,353,699,0.505,18,88,0.205,193,246,0.785,150,244,394,281,129,74,32,113,917,277
1629599,Amir Coffey,1610612756,PHX,28.0,32,13,19,0.406,298.3383333333333,31,66,0.47,9,31,0.29,16,19,0.842,8,25,33,14,5,4,3,19,87,-61
203083,Andre Drummond,1610612755,PHI,32.0,40,21,19,0.525,790.41,109,217,0.502,19,51,0.373,39,62,0.629,135,209,344,34,40,22,35,78,276,-69
1641748,Andre Jackson Jr.,1610612749,MIL,24.0,26,8,18,0.308,168.06833333333333,12,45,0.267,5,26,0.192,9,10,0.9,10,14,24,24,9,6,2,25,38,-15
1629614,Andrew Nembhard,1610612754,IND,26.0,43,11,32,0.256,1380.8833333333334,262,594,0.441,83,228,0.364,142,174,0.816,18,109,127,321,105,39,7,95,749,-291
203952,Andrew Wiggins,1610612748,MIA,30.0,50,25,25,0.5,1563.9783333333332,305,648,0.471,98,248,0.395,89,116,0.767,89,161,250,138,85,60,48,112,797,5
1629014,Anfernee Simons,1610612741,CHI,26.0,53,31,22,0.585,1327.9833333333333,276,624,0.442,142,367,0.387,67,75,0.893,31,101,132,133,65,27,8,90,761,116
1641710,Anthony Black,1610612753,ORL,22.0,53,28,25,0.528,1649.0133333333333,306,665,0.46,89,257,0.346,151,200,0.755,40,174,214,212,116,74,38,146,852,-20
203076,Anthony Davis,1610612764,WAS,32.0,20,10,10,0.5,625.63,169,334,0.506,10,37,0.27,59,81,0.728,62,159,221,56,41,22,33,42,407,-50
1630162,Anthony Edwards,1610612750,MIN,24.0,46,28,18,0.609,1632.0766666666666,463,940,0.493,155,386,0.402,267,336,0.795,31,209,240,171,124,62,38,84,1348,144
1630264,Anthony Gill,1610612764,WAS,33.0,28,3,25,0.107,225.41333333333333,26,48,0.542,4,13,0.308,10,12,0.833,17,30,47,9,10,11,6,23,66,8
1641810,Antonio Reeves,1610612766,CHA,25.0,7,2,5,0.286,55.64666666666667,8,16,0.5,5,10,0.5,0,0,0.0,1,4,5,2,0,1,0,3,21,25
1630574,Ariel Hukporti,1610612752,NYK,23.0,39,25,14,0.641,361.35,30,53,0.566,1,4,0.25,19,26,0.731,39,76,115,21,21,5,21,50,80,-7
1642854,Asa Newell,1610612737,ATL,20.0,39,19,20,0.487,442.025,79,147,0.537,27,68,0.397,14,25,0.56,37,44,81,20,21,15,13,61,199,-31
1641709,Ausar Thompson,1610612765,DET,23.0,49,36,13,0.735,1260.9966666666667,206,403,0.511,6,20,0.3,83,143,0.58,108,185,293,132,71,92,41,139,501,193
1630559,Austin Reaves,1610612747,LAL,27.0,28,19,9,0.679,938.7283333333334,220,433,0.508,70,193,0.363,202,233,0.867,19,122,141,168,94,27,6,62,712,63
1630245,Ayo Dosunmu,1610612750,MIN,26.0,48,23,25,0.479,1270.9266666666667,268,518,0.517,92,206,0.447,93,108,0.861,33,106,139,172,63,39,13,86,721,-111
1628389,Bam Adebayo,1610612748,MIA,28.0,48,23,25,0.479,1506.1166666666666,312,705,0.443,78,231,0.338,183,234,0.782,99,376,475,134,89,49,34,79,885,194
1631248,Baylor Scheierman,1610612738,BOS,25.0,49,33,16,0.673,705.36,66,147,0.449,43,109,0.394,12,14,0.857,23,114,137,50,21,28,4,67,187,127
1642879,Ben Saraf,1610612751,BKN,19.0,22,6,16,0.273,383.555,38,113,0.336,12,48,0.25,24,33,0.727,7,29,36,60,40,17,4,28,112,-60
1641767,Ben Sheppard,1610612754,IND,24.0,44,13,31,0.295,939.4016666666666,101,252,0.401,55,159,0.346,27,35,0.771,25,112,137,80,25,22,4,76,284,-205
1631097,Bennedict Mathurin,1610612746,LAC,23.0,30,8,22,0.267,947.8133333333334,162,381,0.425,59,161,0.366,139,157,0.885,25,136,161,70,65,23,5,81,522,-203
1641731,Bilal Coulibaly,1610612764,WAS,21.0,33,11,22,0.333,884.0233333333333,106,269,0.394,29,111,0.261,81,106,0.764,29,117,146,83,50,47,30,89,322,-215
202687,Bismack Biyombo,1610612759,SAS,33.0,14,11,3,0.786,78.43833333333333,4,7,0.571,0,0,0.0,1,2,0.5,4,8,12,3,5,3,1,14,9,-45
1642396,Blake Hinson,1610612762,UTA,26.0,1,0,1,0.0,24.75,4,7,0.571,3,6,0.5,0,0,0.0,0,1,1,1,1,0,0,5,11,0
1631104,Blake Wesley,1610612757,POR,22.0,13,8,5,0.615,200.77333333333334,29,67,0.433,7,22,0.318,8,16,0.5,6,19,25,39,16,13,1,17,73,-49
1626171,Bobby Portis,1610612749,MIL,31.0,51,21,30,0.412,1239.5416666666667,270,559,0.483,97,215,0.451,34,47,0.723,67,268,335,83,54,31,8,85,671,-177
1641752,Bobi Klintman,1610612765,DET,22.0,9,7,2,0.778,63.60166666666667,7,24,0.292,3,12,0.25,0,3,0.0,5,12,17,4,5,3,0,11,17,-16
203992,Bogdan Bogdanović,1610612746,LAC,33.0,17,5,12,0.294,372.07666666666665,45,121,0.372,24,74,0.324,16,19,0.842,5,42,47,44,22,8,1,40,130,-21
1630538,Bones Hyland,1610612750,MIN,25.0,47,29,18,0.617,695.69,124,266,0.466,63,164,0.384,32,45,0.711,15,64,79,123,41,26,10,82,343,114
203078,Bradley Beal,1610612746,LAC,32.0,6,2,4,0.333,120.91666666666667,18,48,0.375,7,19,0.368,6,8,0.75,2,3,5,10,9,3,0,14,49,-23
1642382,Branden Carlson,1610612760,OKC,26.0,34,27,7,0.794,372.71666666666664,68,130,0.523,21,59,0.356,9,17,0.529,21,67,88,19,12,6,18,30,166,15
1641764,Brandin Podziemski,1610612744,GSW,22.0,55,29,26,0.527,1478.1966666666667,234,522,0.448,91,246,0.37,102,133,0.767,41,211,252,194,82,62,10,100,661,60
1629634,Brandon Clarke,1610612763,MEM,29.0,2,1,1,0.5,20.438333333333333,3,9,0.333,0,0,0.0,2,4,0.5,4,2,6,1,0,2,0,5,8,-12
1627742,Brandon Ingram,1610612761,TOR,28.0,53,31,22,0.585,1800.2783333333334,430,908,0.474,96,263,0.365,200,239,0.837,43,261,304,194,132,41,42,103,1156,43
1641706,Brandon Miller,1610612766,CHA,23.0,38,23,15,0.605,1157.8033333333333,270,636,0.425,113,309,0.366,131,147,0.891,41,139,180,125,104,40,34,105,784,155
1630314,Brandon Williams,1610612742,DAL,26.0,46,17,29,0.37,1011.6933333333334,207,444,0.466,25,113,0.221,143,183,0.781,24,109,133,169,89,48,9,74,582,-6
1641729,Brice Sensabaugh,1610612762,UTA,22.0,53,16,37,0.302,1161.6883333333333,231,513,0.45,96,278,0.345,107,126,0.849,38,118,156,81,65,36,5,99,665,-215
1642355,Bronny James,1610612747,LAL,21.0,29,14,15,0.483,210.65833333333333,24,60,0.4,11,27,0.407,4,5,0.8,4,11,15,35,14,11,2,16,63,-7
201572,Brook Lopez,1610612746,LAC,37.0,47,25,22,0.532,873.8466666666667,111,288,0.385,69,198,0.348,29,34,0.853,16,108,124,46,38,25,50,81,320,-4
1642964,Brooks Barnhizer,1610612760,OKC,23.0,29,21,8,0.724,221.40166666666667,18,46,0.391,5,16,0.313,4,6,0.667,10,42,52,16,7,5,3,20,45,-67
1628971,Bruce Brown,1610612743,DEN,29.0,55,35,20,0.636,1371.325,159,344,0.462,31,88,0.352,64,83,0.771,65,156,221,116,56,58,15,135,413,-67
1631121,Bryce McGowens,1610612740,NOP,23.0,32,8,24,0.25,635.8,82,171,0.48,29,64,0.453,59,77,0.766,10,52,62,48,15,19,4,63,252,-61
1642267,Bub Carrington,1610612764,WAS,20.0,53,14,39,0.264,1483.06,187,465,0.402,110,280,0.393,54,71,0.761,23,164,187,242,127,33,11,117,538,-459
1631205,Buddy Boeheim,1610612760,OKC,26.0,2,1,1,0.5,12.416666666666666,2,6,0.333,2,6,0.333,0,0,0.0,0,0,0,0,0,0,0,0,6,3
1627741,Buddy Hield,1610612737,ATL,33.0,45,21,24,0.467,772.6716666666666,130,301,0.432,67,196,0.342,27,34,0.794,26,82,108,66,43,37,9,56,354,-92
203468,CJ McCollum,1610612737,ATL,34.0,51,17,34,0.333,1536.9,354,778,0.455,132,346,0.382,117,151,0.775,35,139,174,182,87,38,19,99,957,-156
1630595,Cade Cunningham,1610612765,DET,24.0,47,35,12,0.745,1639.9216666666666,416,901,0.462,90,273,0.33,269,333,0.808,45,220,265,452,173,69,39,149,1191,378
1631216,Caleb Houstan,1610612737,ATL,23.0,10,5,5,0.5,49.31666666666667,7,15,0.467,6,12,0.5,3,3,1.0,4,1,5,2,4,1,1,6,23,-5
1631126,Caleb Love,1610612757,POR,24.0,45,21,24,0.467,999.2583333333333,189,485,0.39,93,290,0.321,36,49,0.735,25,89,114,122,61,27,4,47,507,-118
1628997,Caleb Martin,1610612742,DAL,30.0,46,16,30,0.348,644.2966666666666,61,137,0.445,14,38,0.368,22,35,0.629,23,90,113,72,31,31,11,66,158,-76
1642353,Cam Christie,1610612746,LAC,20.0,38,17,21,0.447,379.15,43,108,0.398,12,42,0.286,32,42,0.762,12,48,60,22,16,10,3,17,130,10
1642285,Cam Spencer,1610612763,MEM,25.0,51,19,32,0.373,1229.4533333333334,194,407,0.477,110,246,0.447,94,101,0.931,25,111,136,287,76,36,5,74,592,-4
1630560,Cam Thomas,1610612749,MIL,24.0,27,7,20,0.259,640.2966666666666,141,346,0.408,43,130,0.331,100,117,0.855,9,40,49,79,53,4,2,32,425,-113
1641715,Cam Whitmore,1610612764,WAS,21.0,21,3,18,0.143,353.98333333333335,77,169,0.456,16,56,0.286,23,31,0.742,19,39,58,15,18,15,8,25,193,-152
1629661,Cameron Johnson,1610612743,DEN,29.0,31,22,9,0.71,942.4716666666667,125,266,0.47,59,135,0.437,47,58,0.81,21,91,112,69,28,21,8,73,356,204
1627747,Caris LeVert,1610612765,DET,31.0,36,27,9,0.75,706.4666666666667,101,234,0.432,39,114,0.342,38,56,0.679,12,53,65,102,46,33,23,57,279,38
1642868,Carter Bryant,1610612759,SAS,20.0,43,32,11,0.744,398.05833333333334,53,143,0.371,25,78,0.321,15,22,0.682,19,66,85,14,13,9,9,39,146,-23
1641717,Cason Wallace,1610612760,OKC,22.0,53,39,14,0.736,1418.5933333333332,163,384,0.424,71,204,0.348,31,42,0.738,44,118,162,119,48,108,15,103,428,388
1642907,Cedric Coward,1610612763,MEM,22.0,48,18,30,0.375,1263.4466666666667,233,498,0.468,71,209,0.34,102,121,0.843,65,234,299,140,84,27,19,94,639,40
1629646,Charles Bassey,1610612755,PHI,25.0,3,0,3,0.0,35.15,4,9,0.444,0,0,0.0,1,3,0.333,7,8,15,2,1,1,2,5,9,-15
1642404,Chaz Lanier,1610612765,DET,24.0,20,18,2,0.9,170.67666666666668,21,57,0.368,15,45,0.333,5,5,1.0,7,12,19,13,2,5,0,7,62,20
1631096,Chet Holmgren,1610612760,OKC,23.0,49,37,12,0.755,1429.5566666666666,318,568,0.56,61,175,0.349,158,201,0.786,92,333,425,80,75,25,95,120,855,430
1628449,Chris Boucher,1610612738,BOS,33.0,9,4,5,0.444,94.15,8,25,0.32,2,15,0.133,3,4,0.75,2,16,18,3,1,5,7,17,21,5
1641753,Chris Livingston,1610612739,CLE,22.0,3,2,1,0.667,17.426666666666666,4,7,0.571,0,3,0.0,1,1,1.0,0,3,3,1,0,1,0,4,9,8
1643024,Chris Mañon,1610612747,LAL,24.0,5,1,4,0.2,21.385,0,1,0.0,0,1,0.0,2,2,1.0,1,3,4,1,1,3,2,3,2,7
101108,Chris Paul,1610612761,TOR,40.0,16,4,12,0.25,227.535,18,56,0.321,10,30,0.333,1,2,0.5,6,22,28,53,16,11,0,23,47,-84
1642959,Chris Youngblood,1610612760,OKC,24.0,32,27,5,0.844,174.20833333333334,20,60,0.333,16,51,0.314,9,10,0.9,7,21,28,11,2,4,3,20,65,6
1631128,Christian Braun,1610612743,DEN,24.0,19,12,7,0.632,575.7433333333333,72,150,0.48,11,44,0.25,34,44,0.773,29,53,82,53,22,10,7,43,189,123
1631132,Christian Koloko,1610612737,ATL,25.0,20,10,10,0.5,306.3183333333333,26,60,0.433,1,5,0.2,3,6,0.5,26,40,66,14,12,12,20,42,56,13
1642935,Chucky Hepburn,1610612761,TOR,23.0,2,0,2,0.0,13.233333333333333,0,6,0.0,0,5,0.0,0,0,0.0,0,1,1,2,1,1,0,2,0,-16
203991,Clint Capela,1610612745,HOU,31.0,47,29,18,0.617,555.9666666666667,76,144,0.528,0,0,0.0,21,38,0.553,101,112,213,26,19,24,37,40,173,51
1629632,Coby White,1610612766,CHA,25.0,29,14,15,0.483,843.4266666666666,172,393,0.438,72,208,0.346,124,154,0.805,7,101,108,136,88,20,2,71,540,-2
1628998,Cody Martin,1610612754,IND,30.0,4,0,4,0.0,55.18,2,10,0.2,0,5,0.0,3,6,0.5,1,13,14,2,4,4,2,5,7,-28
1642262,Cody Williams,1610612762,UTA,21.0,42,12,30,0.286,820.6883333333334,106,220,0.482,16,69,0.232,20,32,0.625,36,61,97,39,26,27,18,76,248,-177
1641732,Colby Jones,1610612765,DET,23.0,1,0,1,0.0,6.816666666666666,1,3,0.333,0,2,0.0,0,0,0.0,0,4,4,2,0,0,0,1,2,12
1630175,Cole Anthony,1610612756,PHX,25.0,35,12,23,0.343,526.635,98,231,0.424,22,72,0.306,16,26,0.615,16,71,87,121,65,20,11,73,234,-111
1631221,Collin Gillespie,1610612756,PHX,26.0,54,31,23,0.574,1527.4733333333334,250,576,0.434,163,385,0.423,55,65,0.846,53,172,225,253,89,75,12,83,718,154
1642867,Collin Murray-Boyles,1610612761,TOR,20.0,43,23,20,0.535,952.58,142,257,0.553,16,46,0.348,39,61,0.639,104,110,214,89,50,39,38,110,339,-9
1629012,Collin Sexton,1610612741,CHI,27.0,45,20,25,0.444,1029.9766666666667,221,459,0.481,60,158,0.38,147,168,0.875,23,68,91,163,99,39,7,87,649,-39
1642843,Cooper Flagg,1610612742,DAL,19.0,49,17,32,0.347,1669.49,381,790,0.482,52,172,0.302,185,230,0.804,56,265,321,202,108,58,39,105,999,-155
1630557,Corey Kispert,1610612737,ATL,26.0,35,9,26,0.257,714.0983333333334,115,248,0.464,54,149,0.362,51,62,0.823,13,71,84,60,29,14,5,37,335,-149
1641854,Craig Porter Jr.,1610612739,CLE,25.0,49,33,16,0.673,875.9466666666667,92,201,0.458,26,69,0.377,18,33,0.545,67,101,168,155,43,50,30,56,228,78
1642938,Curtis Jones,1610612743,DEN,24.0,6,4,2,0.667,30.816666666666666,4,14,0.286,1,9,0.111,0,0,0.0,1,4,5,3,1,0,0,3,9,4
1626156,D'Angelo Russell,1610612764,WAS,29.0,26,9,17,0.346,494.775,94,232,0.405,33,112,0.295,43,60,0.717,8,53,61,104,49,12,2,30,264,-41
1641747,DaRon Holmes II,1610612743,DEN,23.0,15,9,6,0.6,175.97666666666666,19,43,0.442,14,34,0.412,6,8,0.75,5,19,24,15,5,0,4,16,58,-24
1631342,Daeqwon Plowden,1610612758,SAC,27.0,7,0,7,0.0,160.2,16,48,0.333,6,32,0.188,4,4,1.0,14,9,23,11,4,2,1,12,42,-38
1630625,Dalano Banton,1610612746,LAC,26.0,2,1,1,0.5,9.683333333333334,3,4,0.75,0,0,0.0,0,0,0.0,1,0,1,2,1,1,0,0,6,2
1631207,Dalen Terry,1610612755,PHI,23.0,35,14,21,0.4,384.1333333333333,45,104,0.433,19,47,0.404,9,17,0.529,19,46,65,44,22,22,11,33,118,-39
1642261,Dalton Knecht,1610612747,LAL,24.0,43,25,18,0.581,490.46166666666664,76,170,0.447,30,98,0.306,14,20,0.7,13,52,65,15,19,9,9,40,196,-52
1629655,Daniel Gafford,1610612742,DAL,27.0,38,8,30,0.211,813.4633333333334,117,185,0.632,0,0,0.0,71,94,0.755,81,166,247,35,50,29,51,100,305,-107
1642450,Daniss Jenkins,1610612765,DET,24.0,44,34,10,0.773,742.0766666666667,127,299,0.425,43,113,0.381,58,73,0.795,26,57,83,140,58,40,7,62,355,128
1642874,Danny Wolf,1610612751,BKN,21.0,39,12,27,0.308,786.3083333333333,119,294,0.405,45,138,0.326,44,56,0.786,42,142,184,77,42,22,19,76,327,-106
203967,Dario Saric,1610612758,SAC,31.0,5,1,4,0.2,41.248333333333335,1,6,0.167,1,3,0.333,2,2,1.0,1,5,6,2,2,0,0,3,5,0
1629636,Darius Garland,1610612746,LAC,26.0,26,13,13,0.5,791.9683333333334,170,377,0.451,59,164,0.36,68,79,0.861,12,51,63,180,73,21,3,48,467,-40
1642357,David Jones Garcia,1610612759,SAS,24.0,11,7,4,0.636,67.975,13,25,0.52,3,5,0.6,3,6,0.5,4,9,13,18,5,6,1,6,32,38
1630558,Davion Mitchell,1610612748,MIA,27.0,46,25,21,0.543,1328.565,163,348,0.468,55,137,0.401,35,53,0.66,17,97,114,324,75,51,6,125,416,194
1630549,Day'Ron Sharpe,1610612751,BKN,24.0,51,15,36,0.294,944.0333333333333,168,275,0.611,7,32,0.219,91,134,0.679,140,204,344,116,82,56,21,118,434,-45
1628368,De'Aaron Fox,1610612759,SAS,28.0,45,32,13,0.711,1441.7566666666667,326,674,0.484,90,255,0.353,132,166,0.795,26,147,173,282,109,57,13,100,874,158
1629631,De'Andre Hunter,1610612758,SAC,28.0,45,24,21,0.533,1175.4866666666667,208,501,0.415,75,246,0.305,124,143,0.867,30,155,185,90,75,30,6,112,615,-21
1629001,De'Anthony Melton,1610612744,GSW,27.0,28,16,12,0.571,609.2066666666667,117,276,0.424,39,132,0.295,54,66,0.818,15,63,78,66,48,44,11,62,327,219
201599,DeAndre Jordan,1610612740,NOP,37.0,2,0,2,0.0,23.3,4,5,0.8,0,0,0.0,1,2,0.5,4,6,10,0,1,0,0,1,9,-26
201942,DeMar DeRozan,1610612758,SAC,36.0,56,12,44,0.214,1813.0066666666667,370,749,0.494,41,122,0.336,266,308,0.864,28,149,177,211,63,65,14,114,1047,-465
1629731,Dean Wade,1610612739,CLE,29.0,43,26,17,0.605,980.365,85,204,0.417,51,150,0.34,27,36,0.75,35,143,178,68,13,35,17,68,248,97
1629028,Deandre Ayton,1610612747,LAL,27.0,46,28,18,0.609,1298.9433333333334,278,412,0.675,0,0,0.0,53,82,0.646,117,272,389,41,63,29,44,107,609,-31
1630166,Deni Avdija,1610612757,POR,25.0,46,22,24,0.478,1576.575,354,765,0.463,102,295,0.346,348,434,0.802,53,277,330,305,178,38,28,122,1158,-18
203471,Dennis Schröder,1610612739,CLE,32.0,44,12,32,0.273,1134.48,183,457,0.4,59,181,0.326,115,140,0.821,22,110,132,226,84,37,7,71,540,-228
1641726,Dereck Lively II,1610612742,DAL,22.0,7,3,4,0.429,115.27333333333333,11,18,0.611,0,0,0.0,8,10,0.8,14,23,37,13,10,4,11,21,30,14
1642852,Derik Queen,1610612740,NOP,21.0,55,15,40,0.273,1431.7633333333333,259,527,0.491,15,54,0.278,139,179,0.777,89,308,397,228,132,57,50,156,672,-223
1627884,Derrick Jones Jr.,1610612746,LAC,28.0,22,10,12,0.455,545.54,80,148,0.541,28,70,0.4,31,40,0.775,17,39,56,27,17,19,24,44,219,2
1628401,Derrick White,1610612738,BOS,31.0,52,33,19,0.635,1780.8833333333334,310,796,0.389,149,459,0.325,127,142,0.894,53,175,228,290,93,62,73,83,896,381
1630217,Desmond Bane,1610612753,ORL,27.0,53,28,25,0.528,1801.1216666666667,376,797,0.472,102,274,0.372,186,200,0.93,66,156,222,221,116,48,27,163,1040,51
1626164,Devin Booker,1610612756,PHX,29.0,43,27,16,0.628,1458.2566666666667,356,782,0.455,74,238,0.311,297,344,0.863,35,136,171,270,143,39,12,117,1083,157
1642269,Devin Carter,1610612758,SAC,23.0,20,1,19,0.05,267.57666666666665,43,111,0.387,9,48,0.188,27,33,0.818,12,32,44,38,20,12,5,24,122,-57
1630170,Devin Vassell,1610612759,SAS,25.0,41,30,11,0.732,1263.5533333333333,207,490,0.422,96,271,0.354,68,80,0.85,19,139,158,95,37,35,17,70,578,233
1628415,Dillon Brooks,1610612756,PHX,30.0,49,29,20,0.592,1523.0266666666666,381,864,0.441,116,338,0.343,161,188,0.856,38,142,180,88,89,52,8,165,1039,-25
1641794,Dillon Jones,1610612752,NYK,24.0,4,4,0,1.0,21.138333333333332,1,5,0.2,1,3,0.333,4,4,1.0,2,3,5,3,0,2,0,3,7,-2
1627734,Domantas Sabonis,1610612758,SAC,29.0,19,3,16,0.158,563.5883333333334,120,221,0.543,5,27,0.185,56,77,0.727,64,152,216,78,51,18,4,66,301,-177
1631230,Dominick Barlow,1610612755,PHI,22.0,43,25,18,0.581,1031.6333333333334,146,262,0.557,18,63,0.286,57,74,0.77,96,119,215,52,35,42,26,86,367,5
1642270,Donovan Clingan,1610612757,POR,21.0,52,27,25,0.519,1432.8183333333334,233,443,0.526,51,159,0.321,87,129,0.674,244,353,597,107,55,24,75,121,604,0
1628378,Donovan Mitchell,1610612739,CLE,29.0,51,32,19,0.627,1718.545,516,1060,0.487,185,492,0.376,261,306,0.853,41,188,229,302,159,79,15,125,1478,304
1628978,Donte DiVincenzo,1610612750,MIN,29.0,56,34,22,0.607,1744.5983333333334,242,588,0.412,171,447,0.383,61,81,0.753,56,195,251,234,84,79,25,144,716,314
1627827,Dorian Finney-Smith,1610612745,HOU,32.0,20,13,7,0.65,316.06333333333333,20,67,0.299,13,53,0.245,5,5,1.0,17,30,47,15,11,7,4,33,58,11
203926,Doug McDermott,1610612758,SAC,34.0,11,1,10,0.091,110.88666666666667,15,38,0.395,14,37,0.378,0,0,0.0,1,7,8,3,6,2,1,7,44,-39
1642962,Drake Powell,1610612751,BKN,20.0,42,12,30,0.286,802.4366666666666,90,209,0.431,32,107,0.299,49,55,0.891,13,58,71,65,42,21,7,60,261,-212
203110,Draymond Green,1610612744,GSW,35.0,46,25,21,0.543,1228.7583333333334,143,343,0.417,70,214,0.327,41,58,0.707,34,230,264,237,127,39,29,141,397,13
1629234,Drew Eubanks,1610612758,SAC,29.0,32,7,25,0.219,429.7366666666667,69,114,0.605,1,5,0.2,24,43,0.558,27,57,84,9,25,12,19,41,163,-116
1641809,Drew Peterson,1610612766,CHA,26.0,6,1,5,0.167,64.26833333333333,2,16,0.125,0,12,0.0,1,2,0.5,3,6,9,2,0,3,1,3,5,-10
1631166,Drew Timme,1610612747,LAL,25.0,18,10,8,0.556,149.95666666666668,26,46,0.565,7,17,0.412,4,7,0.571,8,15,23,15,6,5,0,10,63,17
1630696,Dru Smith,1610612748,MIA,28.0,55,28,27,0.509,948.38,113,275,0.411,35,114,0.307,77,92,0.837,48,95,143,152,47,81,17,84,338,-41
1629130,Duncan Robinson,1610612765,DET,31.0,51,39,12,0.765,1436.8666666666666,211,478,0.441,149,372,0.401,54,73,0.74,18,119,137,95,36,33,16,110,625,318
1641871,Duop Reath,1610612757,POR,29.0,32,16,16,0.5,258.17,33,74,0.446,23,55,0.418,5,6,0.833,10,28,38,10,7,5,8,28,94,-39
203939,Dwight Powell,1610612742,DAL,34.0,40,13,27,0.325,541.195,37,59,0.627,0,2,0.0,40,62,0.645,53,89,142,38,20,21,12,73,114,97
1642928,Dylan Cardwell,1610612758,SAC,24.0,29,7,22,0.241,615.53,67,112,0.598,0,1,0.0,22,40,0.55,91,132,223,36,24,22,47,108,156,-18
1642844,Dylan Harper,1610612759,SAS,19.0,43,31,12,0.721,933.3683333333333,189,405,0.467,27,107,0.252,63,84,0.75,29,116,145,158,58,36,15,79,468,183
1630700,Dyson Daniels,1610612737,ATL,22.0,53,26,27,0.491,1779.9933333333333,274,550,0.498,10,75,0.133,56,91,0.615,117,225,342,327,104,97,22,116,614,15
1630604,E.J. Liddell,1610612751,BKN,25.0,10,1,9,0.1,48.666666666666664,8,17,0.471,4,11,0.364,2,3,0.667,3,8,11,0,0,1,0,4,22,3
1642856,Egor Dëmin,1610612751,BKN,19.0,46,14,32,0.304,1150.7583333333334,165,406,0.406,116,293,0.396,50,58,0.862,21,123,144,152,82,37,14,82,496,-105
1641989,Elijah Harkless,1610612762,UTA,26.0,7,2,5,0.286,65.79666666666667,4,11,0.364,2,7,0.286,7,9,0.778,2,4,6,5,3,4,0,10,17,20
1641801,Emanuel Miller,1610612739,CLE,25.0,5,0,5,0.0,33.05,6,13,0.462,2,6,0.333,1,2,0.5,1,2,3,4,0,2,0,2,15,-19
1642402,Enrique Freeman,1610612750,MIN,25.0,2,1,1,0.5,7.983333333333333,0,0,0.0,0,0,0.0,0,0,0.0,0,3,3,0,0,0,1,0,0,8
201569,Eric Gordon,1610612755,PHI,37.0,6,3,3,0.5,73.75,12,21,0.571,8,14,0.571,1,2,0.5,1,1,2,3,3,4,1,3,33,-31
1630679,Ethan Thompson,1610612754,IND,26.0,22,5,17,0.227,352.00166666666667,39,102,0.382,21,66,0.318,11,16,0.688,11,29,40,32,12,13,6,43,110,-16
1630596,Evan Mobley,1610612739,CLE,24.0,42,25,17,0.595,1401.65,291,568,0.512,48,158,0.304,122,192,0.635,97,271,368,170,88,38,82,106,752,145
1630532,Franz Wagner,1610612753,ORL,24.0,28,16,12,0.571,891.0683333333334,205,428,0.479,42,115,0.365,144,174,0.828,41,120,161,101,48,30,9,63,596,36
1641713,GG Jackson,1610612763,MEM,21.0,33,11,22,0.333,616.2083333333334,110,228,0.482,33,101,0.327,43,58,0.741,19,100,119,40,33,22,21,53,296,-2
1629216,Gabe Vincent,1610612737,ATL,29.0,30,17,13,0.567,577.9633333333334,46,136,0.338,38,107,0.355,10,11,0.909,8,20,28,41,12,17,1,54,140,14
202066,Garrett Temple,1610612761,TOR,39.0,13,5,8,0.385,35.736666666666665,1,7,0.143,1,5,0.2,1,2,0.5,0,4,4,4,3,3,1,3,4,-23
1629726,Garrison Mathews,1610612754,IND,29.0,15,4,11,0.267,196.1,21,52,0.404,17,46,0.37,19,23,0.826,2,15,17,10,3,6,3,19,78,-2
203914,Gary Harris,1610612749,MIL,31.0,38,14,24,0.368,552.945,33,74,0.446,20,47,0.426,8,9,0.889,13,41,54,41,16,21,6,43,94,-77
1627780,Gary Payton II,1610612744,GSW,33.0,50,26,24,0.52,653.5916666666667,117,220,0.532,21,68,0.309,8,14,0.571,58,98,156,78,43,31,17,81,263,-99
1629018,Gary Trent Jr.,1610612749,MIL,27.0,47,20,27,0.426,1107.5033333333333,133,346,0.384,92,253,0.364,32,41,0.78,6,46,52,69,26,27,3,63,390,-281
203507,Giannis Antetokounmpo,1610612749,MIL,31.0,30,15,15,0.5,876.2116666666667,314,487,0.645,15,38,0.395,196,298,0.658,84,217,301,168,100,27,22,78,839,116
1629048,Goga Bitadze,1610612753,ORL,26.0,42,22,20,0.524,671.9033333333333,103,150,0.687,2,10,0.2,38,52,0.731,88,124,212,49,22,30,49,88,246,7
1641711,Gradey Dick,1610612761,TOR,22.0,55,32,23,0.582,884.5533333333333,125,295,0.424,48,153,0.314,62,71,0.873,35,85,120,37,31,36,5,79,360,68
1629684,Grant Williams,1610612766,CHA,27.0,14,10,4,0.714,266.05833333333334,27,75,0.36,14,52,0.269,22,27,0.815,17,39,56,22,10,6,4,20,90,64
1628960,Grayson Allen,1610612756,PHX,30.0,35,19,16,0.543,1059.4033333333334,197,471,0.418,117,317,0.369,85,101,0.842,25,81,106,140,59,50,10,79,596,52
1627824,Guerschon Yabusele,1610612741,CHI,30.0,45,26,19,0.578,472.75333333333333,58,146,0.397,30,92,0.326,9,14,0.643,29,75,104,24,18,10,7,47,155,-40
1630611,Gui Santos,1610612744,GSW,23.0,44,22,22,0.5,644.9966666666667,95,183,0.519,37,100,0.37,25,40,0.625,37,92,129,65,42,30,14,70,252,42
203084,Harrison Barnes,1610612759,SAS,33.0,54,38,16,0.704,1500.7116666666666,195,439,0.444,102,272,0.375,80,95,0.842,46,115,161,113,50,36,11,67,572,194
1631127,Harrison Ingram,1610612759,SAS,23.0,4,3,1,0.75,12.933333333333334,3,4,0.75,1,1,1.0,0,0,0.0,3,0,3,0,0,0,0,2,7,5
1630529,Herbert Jones,1610612740,NOP,27.0,33,12,21,0.364,949.1183333333333,109,278,0.392,44,144,0.306,31,40,0.775,30,88,118,87,44,53,16,105,293,-55
1642864,Hugo González,1610612738,BOS,20.0,49,32,17,0.653,744.545,75,163,0.46,25,76,0.329,10,21,0.476,42,121,163,28,29,29,12,87,185,243
1630621,Hunter Dickinson,1610612740,NOP,25.0,1,0,1,0.0,4.715,1,2,0.5,0,0,0.0,0,0,0.0,0,0,0,0,2,0,1,2,2,-12
1642282,Hunter Sallis,1610612755,PHI,22.0,7,3,4,0.429,25.673333333333332,3,5,0.6,0,0,0.0,1,2,0.5,0,1,1,4,5,0,1,2,7,-13
1641816,Hunter Tyson,1610612743,DEN,25.0,21,15,6,0.714,161.9,14,52,0.269,7,33,0.212,11,13,0.846,4,32,36,17,5,2,1,13,46,-24
1630193,Immanuel Quickley,1610612761,TOR,26.0,52,31,21,0.596,1684.815,309,694,0.445,139,366,0.38,128,159,0.805,29,198,227,315,83,64,5,109,885,79
1642403,Isaac Jones,1610612765,DET,25.0,4,2,2,0.5,18.233333333333334,2,4,0.5,0,2,0.0,1,2,0.5,2,0,2,1,0,0,0,4,5,-16
1630171,Isaac Okoro,1610612741,CHI,25.0,46,23,23,0.5,1196.3833333333334,150,322,0.466,48,148,0.324,60,76,0.789,50,72,122,71,30,31,23,115,408,-160
1642268,Isaiah Collier,1610612762,UTA,21.0,48,15,33,0.313,1225.215,186,365,0.51,22,75,0.293,105,152,0.691,19,106,125,356,120,48,14,115,499,-326
1642384,Isaiah Crawford,1610612745,HOU,24.0,5,2,3,0.4,27.983333333333334,3,6,0.5,1,4,0.25,0,0,0.0,0,2,2,2,0,2,2,0,7,14
1628392,Isaiah Hartenstein,1610612760,OKC,27.0,30,23,7,0.767,771.6733333333333,134,211,0.635,0,5,0.0,50,77,0.649,98,192,290,107,63,31,20,81,318,222
1630543,Isaiah Jackson,1610612746,LAC,24.0,39,9,30,0.231,643.54,98,167,0.587,0,1,0.0,52,77,0.675,86,126,212,31,43,26,29,108,248,-85
1630198,Isaiah Joe,1610612760,OKC,26.0,47,34,13,0.723,993.235,153,347,0.441,114,275,0.415,75,85,0.882,22,96,118,66,29,29,9,82,495,184
1630587,Isaiah Livers,1610612756,PHX,27.0,29,18,11,0.621,293.6166666666667,22,52,0.423,12,35,0.343,7,10,0.7,17,39,56,20,12,12,8,27,63,29
1641815,Isaiah Stevens,1610612758,SAC,25.0,3,0,3,0.0,42.78333333333333,3,7,0.429,0,1,0.0,4,4,1.0,2,1,3,10,2,5,0,2,10,-9
1630191,Isaiah Stewart,1610612765,DET,24.0,48,36,12,0.75,1115.9016666666666,183,339,0.54,34,106,0.321,79,104,0.76,78,169,247,55,56,13,82,143,479,49
1627826,Ivica Zubac,1610612754,IND,28.0,43,17,26,0.395,1328.4533333333334,263,429,0.613,0,0,0.0,93,132,0.705,148,325,473,96,82,16,36,104,619,-2
1631120,JD Davison,1610612745,HOU,23.0,24,19,5,0.792,178.11666666666667,20,51,0.392,8,27,0.296,5,9,0.556,2,19,21,26,7,5,4,16,53,-5
1629630,Ja Morant,1610612763,MEM,26.0,20,7,13,0.35,568.5,132,322,0.41,20,85,0.235,105,117,0.897,8,57,65,161,71,20,6,40,389,-50
1642266,Ja'Kobe Walter,1610612761,TOR,21.0,45,27,18,0.6,826.8533333333334,97,226,0.429,50,143,0.35,36,45,0.8,31,67,98,45,25,41,8,92,280,-101
1631095,Jabari Smith Jr.,1610612745,HOU,22.0,52,32,20,0.615,1823.4983333333332,283,648,0.437,115,321,0.358,110,142,0.775,82,285,367,96,68,41,50,131,791,175
1631133,Jabari Walker,1610612755,PHI,23.0,45,26,19,0.578,543.425,58,144,0.403,17,63,0.27,32,44,0.727,51,87,138,21,17,16,11,73,165,25
1631210,Jacob Toppin,1610612737,ATL,25.0,5,3,2,0.6,16.866666666666667,4,6,0.667,0,0,0.0,0,0,0.0,0,1,1,1,0,0,1,1,8,13
1630702,Jaden Hardy,1610612764,WAS,23.0,35,11,24,0.314,442.59,81,201,0.403,49,129,0.38,33,42,0.786,11,38,49,30,28,9,2,39,244,33
1631093,Jaden Ivey,1610612741,CHI,24.0,37,23,14,0.622,670.255,114,256,0.445,50,134,0.373,38,47,0.809,24,67,91,68,41,23,14,53,316,26
1630183,Jaden McDaniels,1610612750,MIN,25.0,54,32,22,0.593,1733.6266666666668,306,590,0.519,83,183,0.454,114,135,0.844,63,168,231,155,93,52,54,180,809,214
1630256,Jae'Sean Tate,1610612745,HOU,30.0,32,23,9,0.719,266.5183333333333,37,73,0.507,7,22,0.318,4,7,0.571,22,25,47,16,10,8,3,36,85,-65
1642942,Jahmai Mashack,1610612763,MEM,23.0,12,6,6,0.5,142.005,20,46,0.435,7,23,0.304,0,0,0.0,4,12,16,12,9,17,1,14,47,-32
1642443,Jahmir Young,1610612748,MIA,25.0,8,6,2,0.75,43.77333333333333,7,19,0.368,2,7,0.286,1,1,1.0,2,2,4,6,2,1,0,4,17,-15
1643141,Jahmyl Telfort,1610612746,LAC,24.0,8,2,6,0.25,32.03333333333333,0,4,0.0,0,4,0.0,1,4,0.25,0,3,3,1,1,1,0,5,1,-7
1631170,Jaime Jaquez Jr.,1610612748,MIA,24.0,51,27,24,0.529,1472.9983333333332,314,622,0.505,27,102,0.265,122,163,0.748,68,209,277,241,115,43,15,102,777,121
1631222,Jake LaRavia,1610612747,LAL,24.0,54,33,21,0.611,1449.7783333333334,181,389,0.465,61,187,0.326,88,115,0.765,75,143,218,104,64,72,26,122,511,-108
1627751,Jakob Poeltl,1610612761,TOR,30.0,22,13,9,0.591,551.23,92,134,0.687,0,0,0.0,29,49,0.592,59,109,168,45,34,16,11,68,213,-12
1628973,Jalen Brunson,1610612752,NYK,29.0,50,34,16,0.68,1727.995,481,1024,0.47,146,390,0.374,243,287,0.847,26,140,166,305,110,36,5,116,1351,271
1631105,Jalen Duren,1610612765,DET,22.0,44,32,12,0.727,1217.89,303,480,0.631,0,0,0.0,171,232,0.737,162,296,458,77,83,40,34,125,777,280
1630224,Jalen Green,1610612756,PHX,24.0,7,5,2,0.714,106.56666666666666,27,66,0.409,13,37,0.351,11,13,0.846,2,13,15,16,10,3,0,4,78,60
1630552,Jalen Johnson,1610612737,ATL,24.0,50,25,25,0.5,1784.9566666666667,432,861,0.502,83,235,0.353,217,279,0.778,78,454,532,409,172,66,25,107,1164,13
1629618,Jalen Pickett,1610612743,DEN,26.0,39,25,14,0.641,688.4133333333333,81,195,0.415,40,107,0.374,10,11,0.909,18,84,102,99,28,13,4,38,212,-15
1630188,Jalen Smith,1610612741,CHI,25.0,43,23,20,0.535,868.0566666666666,160,328,0.488,66,174,0.379,51,71,0.718,81,217,298,54,40,19,33,85,437,96
1630591,Jalen Suggs,1610612753,ORL,24.0,33,19,14,0.576,880.1266666666667,164,370,0.443,64,197,0.325,72,85,0.847,24,108,132,182,83,66,25,91,464,139
1631114,Jalen Williams,1610612760,OKC,24.0,26,19,7,0.731,755.47,175,365,0.479,20,64,0.313,85,102,0.833,17,105,122,141,50,33,9,54,455,141
1630592,Jalen Wilson,1610612751,BKN,25.0,35,7,28,0.2,512.9583333333334,59,162,0.364,35,99,0.354,35,46,0.761,7,48,55,22,19,14,2,44,188,-125
1631288,Jamal Cain,1610612753,ORL,26.0,19,10,9,0.526,132.43,15,38,0.395,6,19,0.316,15,18,0.833,7,7,14,6,7,4,1,22,51,-6
1627750,Jamal Murray,1610612743,DEN,28.0,50,31,19,0.62,1780.24,454,937,0.485,158,372,0.425,220,248,0.887,21,198,219,380,115,48,19,78,1286,229
1642347,Jamal Shead,1610612761,TOR,23.0,55,32,23,0.582,1224.7333333333333,127,350,0.363,61,190,0.321,60,79,0.759,18,86,104,297,78,54,9,110,375,94
1631123,Jamaree Bouyea,1610612756,PHX,26.0,28,15,13,0.536,437.565,79,157,0.503,18,52,0.346,16,22,0.727,13,41,54,51,18,19,11,23,192,2
201935,James Harden,1610612739,CLE,36.0,47,24,23,0.511,1655.9533333333334,338,804,0.42,143,408,0.35,357,396,0.902,30,198,228,384,173,58,20,90,1176,33
1630164,James Wiseman,1610612754,IND,24.0,4,0,4,0.0,58.461666666666666,6,10,0.6,0,0,0.0,1,2,0.5,5,3,8,3,5,0,1,10,13,-9
1642364,Jamir Watkins,1610612764,WAS,24.0,27,8,19,0.296,491.5933333333333,48,120,0.4,15,64,0.234,23,33,0.697,26,70,96,22,16,21,14,68,134,-126
1642419,Jamison Battle,1610612761,TOR,24.0,39,24,15,0.615,330.025,46,91,0.505,22,53,0.415,6,9,0.667,13,42,55,15,14,5,2,29,120,88
1641716,Jarace Walker,1610612754,IND,22.0,54,14,40,0.259,1296.8733333333332,195,483,0.404,86,236,0.364,92,118,0.78,28,213,241,107,89,42,19,91,568,-301
1642272,Jared McCain,1610612760,OKC,21.0,41,24,17,0.585,694.005,102,260,0.392,51,133,0.383,27,31,0.871,10,77,87,66,36,24,2,48,282,89
1628991,Jaren Jackson Jr.,1610612762,UTA,26.0,48,19,29,0.396,1454.6483333333333,342,719,0.476,84,235,0.357,163,203,0.803,42,230,272,94,107,53,69,179,931,-63
1629020,Jarred Vanderbilt,1610612747,LAL,26.0,45,27,18,0.6,866.8016666666666,87,184,0.473,24,79,0.304,30,47,0.638,65,160,225,60,46,44,16,83,228,27
1628386,Jarrett Allen,1610612739,CLE,27.0,43,28,15,0.651,1175.0583333333334,248,398,0.623,1,9,0.111,131,175,0.749,101,255,356,85,59,42,37,78,628,168
1642859,Jase Richardson,1610612753,ORL,20.0,39,17,22,0.436,470.615,73,155,0.471,25,67,0.373,27,37,0.73,19,33,52,46,22,11,2,44,198,7
1642914,Javon Small,1610612763,MEM,23.0,20,8,12,0.4,296.64166666666665,41,105,0.39,18,50,0.36,20,25,0.8,14,30,44,64,22,7,3,25,120,-58
1631451,Javonte Cooke,1610612757,POR,26.0,16,6,10,0.375,82.965,9,35,0.257,3,19,0.158,2,2,1.0,3,12,15,7,9,6,0,6,23,-42
1629750,Javonte Green,1610612765,DET,32.0,53,40,13,0.755,978.525,123,276,0.446,56,156,0.359,69,86,0.802,42,103,145,39,35,70,16,74,371,116
1629637,Jaxson Hayes,1610612747,LAL,25.0,45,28,17,0.622,795.7383333333333,129,167,0.772,2,2,1.0,50,78,0.641,65,110,175,43,24,19,28,91,310,-21
1630643,Jay Huff,1610612754,IND,28.0,55,15,40,0.273,1101.2583333333334,176,375,0.469,75,238,0.315,49,58,0.845,52,158,210,71,43,31,106,135,476,-207
1627759,Jaylen Brown,1610612738,BOS,29.0,49,31,18,0.633,1675.4416666666666,534,1105,0.483,102,293,0.348,265,342,0.775,57,279,336,229,176,49,20,136,1435,139
1641740,Jaylen Clark,1610612750,MIN,24.0,53,33,20,0.623,710.9383333333334,73,171,0.427,21,72,0.292,37,59,0.627,47,53,100,31,18,39,8,74,204,86
1642377,Jaylen Wells,1610612763,MEM,22.0,52,20,32,0.385,1394.265,217,523,0.415,91,269,0.338,104,136,0.765,49,129,178,86,58,41,6,113,629,-107
1631119,Jaylin Williams,1610612760,OKC,23.0,41,32,9,0.78,792.3083333333333,82,217,0.378,50,156,0.321,45,59,0.763,23,178,201,104,42,25,28,83,259,209
1642281,Jaylon Tyson,1610612739,CLE,23.0,50,31,19,0.62,1389.8133333333333,263,512,0.514,104,219,0.475,63,84,0.75,101,169,270,115,78,43,20,129,693,104
201145,Jeff Green,1610612745,HOU,39.0,18,13,5,0.722,81.73333333333333,15,32,0.469,10,23,0.435,1,1,1.0,1,9,10,3,1,1,1,5,41,-36
203924,Jerami Grant,1610612757,POR,31.0,40,18,22,0.45,1164.1116666666667,231,527,0.438,92,246,0.374,196,237,0.827,37,104,141,95,84,26,26,102,750,-4
1642847,Jeremiah Fears,1610612740,NOP,19.0,56,15,41,0.268,1434.4466666666667,282,658,0.429,59,182,0.324,118,145,0.814,41,165,206,171,123,71,18,103,741,-262
1630526,Jeremiah Robinson-Earl,1610612742,DAL,25.0,22,8,14,0.364,360.615,37,100,0.37,10,41,0.244,17,18,0.944,36,67,103,15,12,9,1,26,101,-86
1631110,Jeremy Sochan,1610612759,SAS,22.0,28,19,9,0.679,357.74833333333333,47,99,0.475,9,35,0.257,11,16,0.688,26,47,73,28,18,10,5,50,114,-92
1630579,Jericho Sims,1610612749,MIL,27.0,39,16,23,0.41,612.8433333333334,64,78,0.821,0,0,0.0,15,23,0.652,54,112,166,32,37,8,9,70,143,-133
1641724,Jett Howard,1610612753,ORL,22.0,33,17,16,0.515,342.46666666666664,53,136,0.39,29,86,0.337,21,23,0.913,11,31,42,27,7,6,4,31,156,-6
1628975,Jevon Carter,1610612753,ORL,30.0,24,9,15,0.375,258.39666666666665,41,106,0.387,32,80,0.4,10,10,1.0,5,22,27,19,11,13,2,19,124,-70
202710,Jimmy Butler III,1610612744,GSW,36.0,38,23,15,0.605,1181.6766666666667,240,462,0.519,32,85,0.376,248,287,0.864,88,123,211,185,60,55,8,46,760,185
1642866,Joan Beringer,1610612750,MIN,19.0,27,14,13,0.519,180.50166666666667,37,56,0.661,0,0,0.0,8,13,0.615,28,26,54,7,8,3,11,27,82,48
1629111,Jock Landale,1610612737,ATL,30.0,49,19,30,0.388,1146.35,220,417,0.528,57,143,0.399,64,97,0.66,151,161,312,81,49,26,26,110,561,-101
204060,Joe Ingles,1610612750,MIN,38.0,19,11,8,0.579,75.81333333333333,3,8,0.375,2,6,0.333,2,2,1.0,0,7,7,15,7,7,0,6,10,-13
203954,Joel Embiid,1610612755,PHI,31.0,31,19,12,0.613,971.57,278,563,0.494,39,122,0.32,230,268,0.858,65,167,232,121,92,20,34,67,825,128
1628381,John Collins,1610612746,LAC,28.0,51,23,28,0.451,1425.6,276,488,0.566,71,165,0.43,83,106,0.783,72,188,260,47,68,41,40,137,706,-2
1629723,John Konchar,1610612762,UTA,29.0,34,15,19,0.441,512.4483333333334,41,86,0.477,13,47,0.277,10,16,0.625,26,81,107,48,15,36,17,39,105,0
1641780,Johni Broome,1610612755,PHI,23.0,11,5,6,0.455,54.76166666666666,4,24,0.167,0,5,0.0,2,6,0.333,7,9,16,4,3,3,2,7,10,-18
1642277,Johnny Furphy,1610612754,IND,21.0,35,10,25,0.286,643.0533333333333,70,149,0.47,23,71,0.324,17,35,0.486,32,121,153,41,29,20,7,65,180,-58
1630548,Johnny Juzang,1610612750,MIN,24.0,21,13,8,0.619,87.69833333333334,16,38,0.421,6,24,0.25,5,8,0.625,5,12,17,6,5,2,1,3,43,-5
202685,Jonas Valančiūnas,1610612743,DEN,33.0,43,28,15,0.651,626.8883333333333,157,272,0.577,5,18,0.278,73,96,0.76,70,155,225,55,52,9,28,97,392,-53
1628371,Jonathan Isaac,1610612753,ORL,28.0,44,24,20,0.545,439.1,41,94,0.436,7,36,0.194,32,50,0.64,33,77,110,17,16,17,25,34,121,-16
1630228,Jonathan Kuminga,1610612737,ATL,23.0,20,9,11,0.45,476.1483333333333,88,194,0.454,17,53,0.321,49,66,0.742,29,88,117,50,46,8,6,33,242,-29
1642367,Jonathan Mogbo,1610612761,TOR,24.0,23,10,13,0.435,138.915,14,28,0.5,0,0,0.0,2,5,0.4,12,25,37,10,6,4,4,13,30,-21
203903,Jordan Clarkson,1610612752,NYK,33.0,51,31,20,0.608,963.2833333333333,173,401,0.431,62,186,0.333,57,72,0.792,41,48,89,67,53,21,8,92,465,13
1630692,Jordan Goodwin,1610612756,PHX,27.0,52,31,21,0.596,1154.2933333333333,173,427,0.405,80,228,0.351,29,41,0.707,99,147,246,119,53,78,11,97,455,104
1641722,Jordan Hawkins,1610612740,NOP,23.0,36,7,29,0.194,497.5233333333333,56,172,0.326,30,96,0.313,14,18,0.778,14,48,62,27,22,8,7,22,156,-88
1629162,Jordan McLaughlin,1610612759,SAS,29.0,25,20,5,0.8,154.62,20,47,0.426,10,24,0.417,4,5,0.8,4,14,18,19,9,13,0,9,54,-49
1641757,Jordan Miller,1610612746,LAC,26.0,33,21,12,0.636,651.735,103,201,0.512,25,70,0.357,70,89,0.787,31,75,106,54,39,23,5,32,301,-5
1629673,Jordan Poole,1610612740,NOP,26.0,28,9,19,0.321,709.9083333333333,125,338,0.37,71,211,0.336,85,97,0.876,6,45,51,86,53,19,9,67,406,-110
1641775,Jordan Walsh,1610612738,BOS,21.0,48,32,16,0.667,885.5816666666667,102,199,0.513,32,86,0.372,35,45,0.778,71,137,208,41,25,41,23,107,271,86
1630631,Jose Alvarado,1610612752,NYK,27.0,44,12,32,0.273,958.3516666666667,131,310,0.423,80,215,0.372,24,30,0.8,16,104,120,139,51,44,5,89,366,-42
1630581,Josh Giddey,1610612741,CHI,23.0,34,17,17,0.5,1089.79,217,470,0.462,59,161,0.366,138,178,0.775,41,251,292,299,120,31,11,56,631,-48
1630182,Josh Green,1610612766,CHA,25.0,31,19,12,0.613,500.13666666666666,48,104,0.462,33,75,0.44,14,16,0.875,28,32,60,31,19,18,3,35,143,114
1628404,Josh Hart,1610612752,NYK,30.0,43,29,14,0.674,1313.9516666666666,196,394,0.497,68,167,0.407,63,85,0.741,63,264,327,225,86,51,14,110,523,176
1631169,Josh Minott,1610612751,BKN,23.0,33,22,11,0.667,525.6566666666666,69,136,0.507,34,77,0.442,20,26,0.769,40,78,118,33,20,24,12,51,192,35
1629006,Josh Okogie,1610612745,HOU,27.0,52,32,20,0.615,1021.1416666666667,96,219,0.438,47,121,0.388,33,55,0.6,62,84,146,46,35,48,12,85,272,25
201950,Jrue Holiday,1610612757,POR,35.0,27,13,14,0.481,763.08,157,346,0.454,64,171,0.374,46,58,0.793,42,85,127,175,71,33,3,46,424,67
1630577,Julian Champagnie,1610612759,SAS,24.0,54,38,16,0.704,1507.5816666666667,192,455,0.422,129,350,0.369,88,104,0.846,49,269,318,77,51,42,22,84,601,309
1641763,Julian Phillips,1610612750,MIN,22.0,37,15,22,0.405,341.7916666666667,39,92,0.424,16,50,0.32,11,13,0.846,22,22,44,7,7,19,6,34,105,-6
1631124,Julian Strawther,1610612743,DEN,23.0,32,20,12,0.625,441.06666666666666,70,155,0.452,22,69,0.319,40,51,0.784,5,61,66,31,19,14,2,38,202,-15
203944,Julius Randle,1610612750,MIN,31.0,56,34,22,0.607,1882.0916666666667,438,891,0.492,87,268,0.325,288,350,0.823,94,297,391,302,144,62,14,159,1251,224
1630551,Justin Champagnie,1610612764,WAS,24.0,50,12,38,0.24,964.72,149,298,0.5,35,109,0.321,56,74,0.757,109,179,288,55,32,40,29,77,389,-223
1642348,Justin Edwards,1610612755,PHI,22.0,41,24,17,0.585,592.2233333333334,68,171,0.398,37,110,0.336,21,23,0.913,18,45,63,44,24,28,8,64,194,-127
203994,Jusuf Nurkić,1610612762,UTA,31.0,41,14,27,0.341,1083.0683333333334,180,358,0.503,25,71,0.352,62,113,0.549,106,319,425,196,101,52,22,134,447,-187
1642354,KJ Simpson,1610612766,CHA,23.0,14,5,9,0.357,223.12666666666667,31,89,0.348,12,39,0.308,10,16,0.625,5,24,29,35,24,15,0,14,84,-32
1642955,Kadary Richmond,1610612764,WAS,24.0,1,0,1,0.0,6.1,2,2,1.0,1,1,1.0,0,0,0.0,1,1,2,1,0,1,1,0,5,-6
1642880,Kam Jones,1610612754,IND,23.0,18,4,14,0.222,214.20333333333335,24,58,0.414,5,25,0.2,2,4,0.5,6,13,19,27,8,4,0,11,55,-39
1626157,Karl-Anthony Towns,1610612752,NYK,30.0,51,33,18,0.647,1597.1666666666667,333,714,0.466,80,228,0.351,264,309,0.854,155,452,607,148,129,44,31,180,1010,300
1631255,Karlo Matković,1610612740,NOP,24.0,43,14,29,0.326,556.215,88,146,0.603,23,53,0.434,10,17,0.588,35,101,136,32,20,15,30,64,209,-83
1642857,Kasparas Jakučionis,1610612748,MIA,19.0,29,15,14,0.517,493.76666666666665,51,128,0.398,37,82,0.451,24,27,0.889,24,46,70,70,27,19,2,57,163,-6
202695,Kawhi Leonard,1610612746,LAC,34.0,41,22,19,0.537,1343.9883333333332,397,808,0.491,110,287,0.383,239,262,0.912,44,220,264,151,88,86,21,52,1143,132
1630811,Keaton Wallace,1610612737,ATL,26.0,40,21,19,0.525,445.885,57,136,0.419,34,84,0.405,6,11,0.545,3,43,46,80,22,21,5,38,154,-60
1631099,Keegan Murray,1610612758,SAC,25.0,19,4,15,0.211,683.0466666666666,111,259,0.429,25,92,0.272,30,38,0.789,30,86,116,29,22,23,30,37,277,-128
1642276,Kel'el Ware,1610612748,MIA,21.0,52,26,26,0.5,1162.2083333333333,236,444,0.532,60,149,0.403,57,73,0.781,156,324,480,29,46,40,54,84,589,-50
1629640,Keldon Johnson,1610612759,SAS,26.0,54,38,16,0.704,1289.1083333333333,277,505,0.549,65,171,0.38,110,139,0.791,97,221,318,78,53,36,8,110,729,135
203482,Kelly Olynyk,1610612759,SAS,34.0,30,22,8,0.733,283.8466666666667,38,79,0.481,9,38,0.237,20,30,0.667,19,37,56,36,18,13,1,36,105,0
1626162,Kelly Oubre Jr.,1610612755,PHI,30.0,32,18,14,0.563,1045.185,160,341,0.469,58,158,0.367,67,90,0.744,29,122,151,51,42,40,20,81,445,-33
1629026,Kenrich Williams,1610612760,OKC,31.0,36,24,12,0.667,581.2466666666667,97,190,0.511,35,88,0.398,22,35,0.629,37,89,126,56,30,22,4,38,251,77
203484,Kentavious Caldwell-Pope,1610612763,MEM,32.0,51,20,31,0.392,1087.5583333333334,150,366,0.41,55,174,0.316,73,80,0.913,20,105,125,139,61,43,8,57,428,-114
1631165,Keon Ellis,1610612739,CLE,26.0,47,14,33,0.298,841.06,90,227,0.396,58,159,0.365,21,34,0.618,17,51,68,33,25,53,25,75,259,-170
1642352,Keshad Johnson,1610612748,MIA,24.0,21,10,11,0.476,158.665,23,57,0.404,7,23,0.304,13,17,0.765,15,24,39,2,9,5,4,16,66,37
1642933,Keshon Gilbert,1610612764,WAS,22.0,3,0,3,0.0,48.25,1,4,0.25,0,2,0.0,4,4,1.0,2,3,5,3,6,2,4,3,6,-47
201142,Kevin Durant,1610612745,HOU,37.0,50,30,20,0.6,1834.81,452,894,0.506,116,288,0.403,271,308,0.88,25,242,267,222,161,42,44,101,1291,245
1628989,Kevin Huerter,1610612765,DET,27.0,48,26,22,0.542,1084.745,192,423,0.454,71,232,0.306,41,56,0.732,25,151,176,119,51,38,27,90,496,-8
201567,Kevin Love,1610612762,UTA,37.0,29,9,20,0.31,500.25,65,163,0.399,41,113,0.363,31,37,0.838,48,123,171,50,24,9,8,47,202,-91
1641755,Kevin McCullar Jr.,1610612752,NYK,24.0,16,7,9,0.438,122.49166666666666,13,33,0.394,6,17,0.353,2,5,0.4,9,15,24,19,11,6,0,18,34,-48
1629645,Kevin Porter Jr.,1610612749,MIL,25.0,28,15,13,0.536,943.245,171,382,0.448,40,124,0.323,103,118,0.873,24,122,146,213,90,61,12,60,485,-33
1626172,Kevon Looney,1610612740,NOP,30.0,18,2,16,0.111,250.53666666666666,23,52,0.442,1,9,0.111,5,8,0.625,42,54,96,25,8,6,9,32,52,-59
1641718,Keyonte George,1610612762,UTA,22.0,48,15,33,0.313,1628.775,358,782,0.458,120,320,0.375,305,341,0.894,23,164,187,313,158,52,14,112,1141,-311
1642863,Khaman Maluach,1610612756,PHX,19.0,23,13,10,0.565,107.2,11,24,0.458,0,6,0.0,9,10,0.9,8,18,26,3,10,1,9,17,31,-23
203114,Khris Middleton,1610612742,DAL,34.0,36,12,24,0.333,869.44,135,316,0.427,35,106,0.33,67,79,0.848,31,109,140,114,59,26,9,91,372,-165
202691,Klay Thompson,1610612742,DAL,36.0,49,16,33,0.327,1083.3383333333334,200,516,0.388,140,373,0.375,27,37,0.73,14,105,119,67,48,25,15,50,567,-71
1641738,Kobe Brown,1610612754,IND,26.0,36,15,21,0.417,341.54333333333335,38,93,0.409,14,51,0.275,22,28,0.786,22,44,66,31,17,10,2,23,112,-58
1641723,Kobe Bufkin,1610612747,LAL,22.0,6,3,3,0.5,71.25,6,22,0.273,3,12,0.25,4,4,1.0,1,6,7,3,4,2,3,4,19,-20
1642920,Kobe Sanders,1610612746,LAC,23.0,46,24,22,0.522,971.5266666666666,115,264,0.436,47,127,0.37,40,50,0.8,23,95,118,79,62,26,6,98,317,-11
1642886,Koby Brea,1610612756,PHX,23.0,3,1,2,0.333,15.633333333333333,3,5,0.6,2,4,0.5,2,2,1.0,0,2,2,2,0,0,0,0,10,-10
1642851,Kon Knueppel,1610612766,CHA,20.0,54,26,28,0.481,1734.3533333333332,350,723,0.484,183,425,0.431,138,153,0.902,65,232,297,192,119,37,13,116,1021,70
1627739,Kris Dunn,1610612746,LAC,31.0,54,26,28,0.481,1483.325,161,337,0.478,58,156,0.372,51,65,0.785,41,115,156,185,75,80,8,132,431,-32
1631200,Kris Murray,1610612757,POR,25.0,34,14,20,0.412,874.2,78,175,0.446,20,78,0.256,31,42,0.738,61,75,136,42,31,40,14,68,207,-61
204001,Kristaps Porziņģis,1610612744,GSW,30.0,17,9,8,0.529,413.09833333333336,96,210,0.457,31,86,0.36,68,81,0.84,21,66,87,46,16,9,22,54,291,49
203937,Kyle Anderson,1610612763,MEM,32.0,23,4,19,0.174,472.46,69,124,0.556,3,5,0.6,28,43,0.651,22,57,79,64,23,28,14,57,169,-77
1642271,Kyle Filipowski,1610612762,UTA,22.0,55,18,37,0.327,1216.2766666666666,197,405,0.486,46,138,0.333,94,132,0.712,97,269,366,112,77,46,22,158,534,-143
1628398,Kyle Kuzma,1610612749,MIL,30.0,50,22,28,0.44,1341.21,243,505,0.481,49,152,0.322,110,150,0.733,47,202,249,127,81,31,21,105,645,-177
200768,Kyle Lowry,1610612755,PHI,39.0,7,4,3,0.571,62.59,3,10,0.3,3,10,0.3,3,4,0.75,0,4,4,8,2,2,1,3,12,16
1642273,Kyshawn George,1610612764,WAS,22.0,43,9,34,0.209,1295.9966666666667,233,528,0.441,90,239,0.377,94,118,0.797,42,192,234,207,119,46,38,162,650,-309
1643018,LJ Cryer,1610612744,GSW,24.0,3,2,1,0.667,7.933333333333334,2,5,0.4,2,4,0.5,0,0,0.0,0,1,1,0,0,0,0,1,6,6
1630163,LaMelo Ball,1610612766,CHA,24.0,45,23,22,0.511,1246.4933333333333,306,764,0.401,155,427,0.363,100,113,0.885,38,178,216,332,136,50,10,117,867,205
1642950,Lachlan Olbrich,1610612741,CHI,22.0,17,4,13,0.235,121.355,9,21,0.429,2,7,0.286,4,10,0.4,12,26,38,12,4,2,1,22,24,-18
1629013,Landry Shamet,1610612752,NYK,28.0,30,19,11,0.633,658.3233333333334,94,211,0.445,65,154,0.422,34,47,0.723,15,42,57,46,13,15,6,42,287,96
1626204,Larry Nance Jr.,1610612739,CLE,33.0,25,18,7,0.72,322.4866666666667,35,92,0.38,16,48,0.333,3,5,0.6,21,43,64,25,11,15,4,46,89,0
1628374,Lauri Markkanen,1610612762,UTA,28.0,41,17,24,0.415,1410.43,374,782,0.478,114,314,0.363,232,260,0.892,82,204,286,87,61,40,21,77,1094,-41
1643133,Lawson Lovering,1610612763,MEM,22.0,1,0,1,0.0,17.566666666666666,1,2,0.5,0,0,0.0,1,2,0.5,2,2,4,0,1,2,0,3,3,-3
2544,LeBron James,1610612747,LAL,41.0,36,22,14,0.611,1199.9166666666667,295,588,0.502,51,167,0.305,150,201,0.746,24,185,209,254,111,39,21,49,791,-23
1631159,Leonard Miller,1610612741,CHI,22.0,21,11,10,0.524,104.31833333333333,20,35,0.571,1,12,0.083,8,12,0.667,7,21,28,5,9,5,0,13,49,-8
1642862,Liam McNeeley,1610612766,CHA,20.0,28,10,18,0.357,342.02,34,88,0.386,22,58,0.379,25,31,0.806,11,49,60,23,12,5,3,35,115,19
1630322,Lindy Waters III,1610612759,SAS,28.0,28,20,8,0.714,190.50333333333333,19,54,0.352,15,47,0.319,1,1,1.0,2,19,21,11,4,4,0,17,54,-7
1628366,Lonzo Ball,1610612739,CLE,28.0,35,19,16,0.543,727.7433333333333,53,176,0.301,40,147,0.272,14,21,0.667,26,114,140,136,52,45,9,46,160,32
1629652,Luguentz Dort,1610612760,OKC,26.0,45,33,12,0.733,1246.2316666666666,138,347,0.398,86,246,0.35,28,36,0.778,39,132,171,55,36,39,21,131,390,233
1629029,Luka Dončić,1610612747,LAL,26.0,42,27,15,0.643,1492.0516666666667,437,923,0.473,149,432,0.345,356,456,0.781,32,297,329,360,179,61,19,102,1379,29
1630568,Luka Garza,1610612738,BOS,27.0,45,29,16,0.644,749.4916666666667,127,218,0.583,32,73,0.438,63,81,0.778,107,81,188,46,25,19,21,107,349,73
1628379,Luke Kennard,1610612747,LAL,29.0,50,25,25,0.5,1039.0416666666667,144,264,0.545,79,160,0.494,37,40,0.925,22,89,111,107,35,36,5,61,404,-4
1628436,Luke Kornet,1610612759,SAS,30.0,44,31,13,0.705,1005.975,129,197,0.655,0,0,0.0,65,82,0.793,133,160,293,86,19,21,54,84,323,112
1631247,Luke Travers,1610612739,CLE,24.0,12,6,6,0.5,103.09166666666667,9,36,0.25,1,16,0.063,9,9,1.0,9,15,24,9,3,7,4,6,28,-32
1630644,Mac McClung,1610612741,CHI,27.0,4,0,4,0.0,47.358333333333334,9,25,0.36,2,12,0.167,3,4,0.75,0,5,5,2,3,5,2,8,23,-20
1631103,Malaki Branham,1610612764,WAS,22.0,28,7,21,0.25,275.47833333333335,43,91,0.473,14,37,0.378,28,34,0.824,12,32,44,23,15,10,3,21,128,-42
1642502,Malevy Leons,1610612744,GSW,26.0,5,2,3,0.4,21.05,2,6,0.333,0,2,0.0,2,2,1.0,2,7,9,1,2,1,1,1,6,-15
1628370,Malik Monk,1610612758,SAC,28.0,43,11,32,0.256,953.3433333333334,190,436,0.436,89,209,0.426,64,73,0.877,12,75,87,110,62,28,17,68,533,-87
1630699,MarJon Beauchamp,1610612755,PHI,25.0,2,0,2,0.0,36.18333333333333,6,14,0.429,3,7,0.429,3,4,0.75,1,6,7,5,3,3,1,0,18,-15
1631204,Marcus Sasser,1610612765,DET,25.0,17,13,4,0.765,167.185,32,69,0.464,18,44,0.409,10,11,0.909,1,14,15,33,12,11,2,14,92,33
203935,Marcus Smart,1610612747,LAL,31.0,44,27,17,0.614,1249.9016666666666,141,351,0.402,69,210,0.329,82,99,0.828,30,101,131,127,72,55,16,114,433,84
1641813,Mark Sears,1610612749,MIL,23.0,7,1,6,0.143,26.081666666666667,6,13,0.462,4,8,0.5,6,8,0.75,1,1,2,2,4,0,0,4,22,12
1631109,Mark Williams,1610612756,PHX,24.0,50,30,20,0.6,1201.54,244,367,0.665,1,1,1.0,117,152,0.77,155,249,404,54,53,49,47,113,606,46
1628963,Marvin Bagley III,1610612742,DAL,26.0,41,10,31,0.244,799.3733333333333,167,271,0.616,9,21,0.429,74,110,0.673,109,131,240,60,45,22,31,84,417,-136
203486,Mason Plumlee,1610612766,CHA,35.0,14,6,8,0.429,124.51666666666667,9,12,0.75,0,0,0.0,8,12,0.667,10,30,40,16,9,6,0,10,26,8
1641824,Matas Buzelis,1610612741,CHI,21.0,55,24,31,0.436,1554.2683333333334,299,631,0.474,113,304,0.372,123,158,0.778,57,239,296,114,103,36,81,133,834,-118
1629680,Matisse Thybulle,1610612757,POR,28.0,4,2,2,0.5,48.766666666666666,6,10,0.6,4,6,0.667,4,4,1.0,0,4,4,3,1,10,0,7,20,23
1631108,Max Christie,1610612742,DAL,23.0,50,17,33,0.34,1484.245,227,486,0.467,123,289,0.426,86,99,0.869,10,160,170,114,54,28,18,71,663,-157
1642917,Max Shulga,1610612738,BOS,23.0,1,1,0,1.0,1.6833333333333333,0,1,0.0,0,0,0.0,0,0,0.0,0,0,0,0,0,0,0,0,0,-1
1628467,Maxi Kleber,1610612747,LAL,34.0,29,13,16,0.448,333.3616666666667,23,53,0.434,6,21,0.286,14,20,0.7,23,33,56,20,12,11,6,45,66,48
1642875,Maxime Raynaud,1610612758,SAC,22.0,48,11,37,0.229,1127.3566666666666,200,362,0.552,11,41,0.268,61,81,0.753,83,235,318,49,47,24,23,115,472,-289
1642877,Micah Peavy,1610612740,NOP,24.0,46,11,35,0.239,692.555,84,220,0.382,21,88,0.239,11,15,0.733,38,54,92,47,14,31,6,71,200,-98
1630695,Micah Potter,1610612754,IND,27.0,22,7,15,0.318,407.905,51,110,0.464,27,72,0.375,37,42,0.881,18,77,95,32,16,8,7,37,166,-32
1629008,Michael Porter Jr.,1610612751,BKN,27.0,41,13,28,0.317,1353.0116666666668,362,763,0.474,150,390,0.385,151,177,0.853,53,241,294,130,102,43,10,89,1025,-88
1628969,Mikal Bridges,1610612752,NYK,29.0,55,35,20,0.636,1895.0983333333334,350,694,0.504,118,306,0.386,58,70,0.829,59,171,230,224,58,79,45,109,876,232
201144,Mike Conley,1610612750,MIN,38.0,44,27,17,0.614,812.1566666666666,56,174,0.322,42,131,0.321,41,46,0.891,15,63,78,126,27,26,11,64,195,18
1628970,Miles Bridges,1610612766,CHA,27.0,53,25,28,0.472,1707.2033333333334,344,767,0.449,112,342,0.327,163,193,0.845,52,270,322,184,78,27,26,98,963,-23
1642939,Miles Kelly,1610612742,DAL,23.0,12,6,6,0.5,102.24666666666667,13,33,0.394,8,26,0.308,0,0,0.0,4,15,19,8,4,3,0,11,34,-7
1630540,Miles McBride,1610612752,NYK,25.0,35,22,13,0.629,980.6183333333333,157,362,0.434,102,243,0.42,35,43,0.814,22,69,91,97,28,30,6,64,451,220
1629011,Mitchell Robinson,1610612752,NYK,27.0,39,25,14,0.641,765.5633333333334,83,119,0.697,0,0,0.0,29,71,0.408,176,170,346,38,25,31,45,92,195,120
1628964,Mo Bamba,1610612761,TOR,27.0,2,2,0,1.0,5.85,0,2,0.0,0,0,0.0,0,0,0.0,1,1,2,0,0,0,1,2,0,-9
1642885,Mohamed Diawara,1610612752,NYK,20.0,45,27,18,0.6,317.96,47,103,0.456,26,63,0.413,3,6,0.5,10,43,53,24,15,11,5,29,123,3
1628420,Monte Morris,1610612754,IND,30.0,6,0,6,0.0,64.61666666666666,7,20,0.35,2,8,0.25,2,4,0.5,1,6,7,9,2,1,1,3,18,-29
1629021,Moritz Wagner,1610612753,ORL,28.0,13,7,6,0.538,155.70333333333335,41,80,0.513,15,33,0.455,23,26,0.885,9,33,42,7,8,7,1,23,120,-47
1630541,Moses Moody,1610612744,GSW,23.0,53,27,26,0.509,1331.35,205,469,0.437,127,317,0.401,74,95,0.779,44,130,174,78,47,50,32,103,611,102
1631243,Mouhamed Gueye,1610612737,ATL,23.0,53,25,28,0.472,862.0233333333333,101,227,0.445,28,97,0.289,32,51,0.627,67,129,196,52,28,43,28,91,262,10
1630619,Moussa Cisse,1610612742,DAL,23.0,30,10,20,0.333,359.3466666666667,42,69,0.609,0,0,0.0,27,56,0.482,55,79,134,7,22,10,34,56,111,-13
1631217,Moussa Diabaté,1610612766,CHA,24.0,50,24,26,0.48,1257.6416666666667,160,253,0.632,1,2,0.5,90,136,0.662,183,248,431,78,46,33,49,121,411,165
1626167,Myles Turner,1610612749,MIL,29.0,50,22,28,0.44,1427.505,213,483,0.441,108,279,0.387,102,135,0.756,62,223,285,81,58,34,84,134,636,-49
1642066,Myron Gardner,1610612748,MIA,24.0,26,14,12,0.538,253.60333333333332,39,84,0.464,18,45,0.4,13,18,0.722,26,52,78,27,6,14,5,44,109,42
1642368,N'Faly Dante,1610612737,ATL,24.0,4,3,1,0.75,15.416666666666666,1,4,0.25,0,0,0.0,1,1,1.0,3,4,7,0,1,2,0,1,3,10
1641772,Nae'Qwan Tomlin,1610612739,CLE,25.0,44,29,15,0.659,750.3333333333334,116,238,0.487,19,87,0.218,38,51,0.745,62,76,138,41,17,34,28,92,289,37
1630230,Naji Marshall,1610612742,DAL,28.0,53,19,34,0.358,1567.8883333333333,294,552,0.533,48,156,0.308,162,209,0.775,47,214,261,158,73,55,5,103,798,-90
1629675,Naz Reid,1610612750,MIN,26.0,56,34,22,0.607,1468.04,298,635,0.469,135,351,0.385,62,84,0.738,65,294,359,139,90,57,52,141,793,148
1629674,Neemias Queta,1610612738,BOS,26.0,51,33,18,0.647,1279.565,211,330,0.639,0,5,0.0,75,112,0.67,153,269,422,77,57,45,66,148,497,279
1629651,Nic Claxton,1610612751,BKN,26.0,50,14,36,0.28,1464.4516666666666,256,434,0.59,3,14,0.214,111,183,0.607,128,237,365,198,70,36,63,117,626,-322
1630208,Nick Richards,1610612741,CHI,28.0,31,15,16,0.484,319.275,45,91,0.495,2,3,0.667,29,41,0.707,42,66,108,9,31,7,19,49,121,-79
1641733,Nick Smith Jr.,1610612747,LAL,21.0,25,12,13,0.48,318.4266666666667,56,133,0.421,27,69,0.391,7,11,0.636,2,18,20,28,19,9,2,24,146,-18
1629638,Nickeil Alexander-Walker,1610612737,ATL,27.0,54,24,30,0.444,1795.105,368,850,0.433,164,440,0.373,184,208,0.885,32,163,195,200,110,63,33,118,1084,-41
201587,Nicolas Batum,1610612746,LAC,37.0,51,25,26,0.49,991.6133333333333,73,184,0.397,69,175,0.394,9,11,0.818,19,115,134,42,34,37,19,79,224,-19
1628502,Nigel Hayes-Davis,1610612756,PHX,31.0,27,15,12,0.556,195.21333333333334,15,46,0.326,2,16,0.125,2,4,0.5,12,21,33,7,8,8,2,16,34,-72
203999,Nikola Jokić,1610612743,DEN,30.0,39,25,14,0.641,1337.6533333333334,393,666,0.59,76,181,0.42,257,306,0.84,122,358,480,417,144,53,30,105,1119,344
1631107,Nikola Jović,1610612748,MIA,22.0,44,22,22,0.5,788.655,113,305,0.37,44,162,0.272,68,99,0.687,25,127,152,99,65,26,17,63,338,11
1642260,Nikola Topić,1610612760,OKC,20.0,1,0,1,0.0,12.366666666666667,1,3,0.333,0,2,0.0,0,0,0.0,0,1,1,1,3,0,0,0,2,-5
202696,Nikola Vučević,1610612738,BOS,35.0,51,25,26,0.49,1558.0566666666666,349,693,0.504,87,230,0.378,66,80,0.825,110,350,460,188,77,35,34,105,851,-107
1642363,Nique Clifford,1610612758,SAC,24.0,52,11,41,0.212,1106.7016666666666,128,326,0.393,44,139,0.317,42,59,0.712,42,120,162,86,62,35,17,100,342,-137
1642855,Noa Essengue,1610612741,CHI,19.0,2,1,1,0.5,6.033333333333333,0,3,0.0,0,2,0.0,0,0,0.0,0,0,0,0,0,1,0,1,0,-15
1641730,Noah Clowney,1610612751,BKN,21.0,47,14,33,0.298,1334.7233333333334,187,477,0.392,98,304,0.322,138,173,0.798,46,154,200,84,82,35,37,129,610,-140
1642869,Noah Penda,1610612753,ORL,21.0,38,18,20,0.474,519.3783333333333,67,154,0.435,25,65,0.385,25,39,0.641,56,85,141,44,32,21,14,51,184,-33
1642849,Nolan Traore,1610612751,BKN,19.0,31,9,22,0.29,649.885,84,209,0.402,30,89,0.337,33,43,0.767,7,42,49,109,50,14,11,62,231,-110
1626181,Norman Powell,1610612748,MIA,32.0,45,25,20,0.556,1378.7116666666666,345,728,0.474,130,328,0.396,214,254,0.843,17,146,163,116,89,55,10,100,1034,99
1628384,OG Anunoby,1610612752,NYK,28.0,41,27,14,0.659,1353.2383333333332,239,499,0.479,85,230,0.37,116,145,0.8,59,166,225,97,85,71,28,102,679,220
1630167,Obi Toppin,1610612754,IND,27.0,3,0,3,0.0,82.15666666666667,15,36,0.417,3,17,0.176,9,9,1.0,3,17,20,5,6,3,0,7,42,-8
1630534,Ochai Agbaji,1610612751,BKN,25.0,43,24,19,0.558,666.5366666666666,72,173,0.416,12,65,0.185,25,29,0.862,36,65,101,32,19,17,12,75,181,-9
1641765,Olivier-Maxence Prosper,1610612763,MEM,23.0,29,11,18,0.379,397.90166666666664,61,124,0.492,23,55,0.418,40,46,0.87,25,58,83,19,20,8,4,26,185,-82
1630168,Onyeka Okongwu,1610612737,ATL,25.0,50,22,28,0.44,1596.1466666666668,300,620,0.484,103,272,0.379,109,140,0.779,93,292,385,162,97,58,49,175,812,-159
1631115,Orlando Robinson,1610612753,ORL,25.0,4,2,2,0.5,24.816666666666666,3,5,0.6,1,2,0.5,0,0,0.0,2,2,4,3,0,1,0,3,7,-11
1631131,Oscar Tshiebwe,1610612762,UTA,26.0,3,0,3,0.0,29.7,3,6,0.5,0,0,0.0,0,1,0.0,5,4,9,5,1,1,0,3,6,4
1642345,Oso Ighodaro,1610612756,PHX,23.0,55,32,23,0.582,1101.655,135,214,0.631,0,1,0.0,35,71,0.493,84,166,250,99,68,51,33,139,305,115
1631172,Ousmane Dieng,1610612749,MIL,22.0,30,25,5,0.833,359.43,52,116,0.448,26,65,0.4,8,10,0.8,9,48,57,34,8,4,11,28,138,49
1629023,P.J. Washington,1610612742,DAL,27.0,39,10,29,0.256,1196.6,208,465,0.447,48,158,0.304,87,129,0.674,53,219,272,73,78,38,51,88,551,-197
1641790,PJ Hall,1610612766,CHA,23.0,16,6,10,0.375,170.725,29,51,0.569,3,5,0.6,19,25,0.76,27,35,62,7,12,2,9,18,80,-2
1642359,Pacôme Dadiet,1610612752,NYK,20.0,20,11,9,0.55,68.29166666666667,3,13,0.231,1,8,0.125,6,6,1.0,2,12,14,9,0,3,0,3,13,-2
1631094,Paolo Banchero,1610612753,ORL,23.0,43,21,22,0.488,1481.6266666666668,304,670,0.454,49,162,0.302,259,340,0.762,47,315,362,206,118,30,27,83,916,-66
1627783,Pascal Siakam,1610612754,IND,31.0,51,14,37,0.275,1723.27,455,947,0.48,93,252,0.369,208,306,0.68,79,264,343,201,111,57,23,123,1211,-164
1626192,Pat Connaughton,1610612766,CHA,33.0,22,10,12,0.455,155.17166666666665,22,45,0.489,11,27,0.407,8,13,0.615,6,24,30,14,3,5,1,5,63,3
1630311,Pat Spencer,1610612744,GSW,29.0,39,22,17,0.564,608.805,95,218,0.436,31,77,0.403,26,34,0.765,29,61,90,123,45,26,2,43,247,-25
1631116,Patrick Baldwin Jr.,1610612755,PHI,23.0,3,1,2,0.333,14.566666666666666,3,4,0.75,2,3,0.667,2,2,1.0,0,2,2,0,1,0,0,2,10,9
1630172,Patrick Williams,1610612741,CHI,24.0,51,20,31,0.392,978.5866666666667,126,327,0.385,68,176,0.386,33,48,0.688,38,112,150,66,47,33,15,65,353,-243
202331,Paul George,1610612755,PHI,35.0,27,16,11,0.593,823.8716666666667,150,354,0.424,66,173,0.382,65,76,0.855,14,125,139,100,44,40,13,60,431,97
1630194,Paul Reed,1610612765,DET,26.0,38,27,11,0.711,485.49333333333334,101,171,0.591,10,26,0.385,28,47,0.596,70,91,161,48,37,35,25,61,240,119
1630202,Payton Pritchard,1610612738,BOS,28.0,53,34,19,0.642,1732.1933333333334,344,744,0.462,136,382,0.356,89,104,0.856,47,174,221,283,63,41,5,74,913,200
1641796,Pelle Larsson,1610612748,MIA,24.0,45,25,20,0.556,1077.1716666666666,165,333,0.495,42,126,0.333,89,116,0.767,36,114,150,148,50,29,10,83,461,32
1631250,Pete Nance,1610612749,MIL,25.0,23,8,15,0.348,246.65666666666667,46,75,0.613,23,43,0.535,0,0,0.0,11,36,47,14,10,7,4,19,115,42
1631212,Peyton Watson,1610612743,DEN,23.0,49,31,18,0.633,1501.905,264,532,0.496,75,180,0.417,128,176,0.727,45,195,240,96,86,50,58,121,731,176
1630173,Precious Achiuwa,1610612758,SAC,26.0,48,10,38,0.208,972.5383333333333,144,288,0.5,16,54,0.296,39,74,0.527,90,171,261,55,32,40,26,79,343,-215
1629656,Quentin Grimes,1610612755,PHI,25.0,48,27,21,0.563,1434.1766666666667,197,449,0.439,87,255,0.341,128,149,0.859,31,149,180,174,90,45,19,98,609,28
1631245,Quenton Jackson,1610612754,IND,27.0,26,7,19,0.269,413.48833333333334,71,148,0.48,24,59,0.407,50,65,0.769,15,37,52,52,30,18,5,40,216,41
1642366,Quinten Post,1610612744,GSW,25.0,55,29,26,0.527,936.335,157,358,0.439,82,234,0.35,26,32,0.813,52,157,209,75,40,23,26,106,422,93
1629628,RJ Barrett,1610612761,TOR,25.0,31,20,11,0.645,914.3083333333333,208,432,0.481,54,158,0.342,105,149,0.705,29,133,162,111,54,25,9,74,575,56
1642853,Rasheer Fleming,1610612756,PHX,21.0,30,18,12,0.6,208.82833333333335,29,82,0.354,11,46,0.239,8,11,0.727,21,19,40,7,9,6,7,22,77,-20
1642484,RayJ Dennis,1610612737,ATL,24.0,15,2,13,0.133,176.7,22,73,0.301,12,39,0.308,8,9,0.889,8,15,23,30,15,4,4,17,64,-38
1641712,Rayan Rupert,1610612757,POR,21.0,48,26,22,0.542,577.23,53,147,0.361,22,71,0.31,9,14,0.643,23,63,86,34,28,29,2,60,137,-127
1642263,Reed Sheppard,1610612745,HOU,21.0,53,33,20,0.623,1310.2116666666666,249,585,0.426,128,331,0.387,45,58,0.776,18,119,137,159,70,76,30,103,671,165
1642434,Riley Minix,1610612759,SAS,25.0,3,2,1,0.667,8.266666666666667,4,6,0.667,1,3,0.333,0,0,0.0,1,1,2,1,0,1,0,1,9,13
1642265,Rob Dillingham,1610612741,CHI,21.0,38,22,16,0.579,399.82166666666666,60,170,0.353,13,39,0.333,21,27,0.778,8,44,52,70,43,25,3,43,154,-56
1629057,Robert Williams III,1610612757,POR,28.0,38,18,20,0.474,619.88,109,145,0.752,7,16,0.438,20,28,0.714,77,169,246,43,29,23,55,46,245,-18
1631199,Ron Harper Jr.,1610612738,BOS,25.0,10,8,2,0.8,106.01666666666667,10,31,0.323,6,24,0.25,1,2,0.5,9,12,21,8,1,1,4,9,27,8
1641842,Ronald Holland II,1610612765,DET,20.0,49,36,13,0.735,1015.9766666666667,145,351,0.413,30,131,0.229,78,99,0.788,52,161,213,70,66,67,18,109,398,175
1626220,Royce O'Neale,1610612756,PHX,32.0,55,32,23,0.582,1613.9683333333332,198,467,0.424,154,380,0.405,19,28,0.679,39,227,266,160,84,65,15,124,569,-35
203497,Rudy Gobert,1610612750,MIN,33.0,54,33,21,0.611,1688.9716666666666,241,343,0.703,0,2,0.0,111,221,0.502,202,400,602,90,71,40,87,143,593,243
1629060,Rui Hachimura,1610612747,LAL,28.0,44,29,15,0.659,1313.7066666666667,209,409,0.511,80,179,0.447,36,49,0.735,26,129,155,40,34,24,13,69,534,18
201566,Russell Westbrook,1610612758,SAC,37.0,52,12,40,0.231,1521.47,294,683,0.43,107,310,0.345,101,145,0.697,72,224,296,342,177,68,8,128,796,-368
1642346,Ryan Dunn,1610612756,PHX,23.0,48,28,20,0.583,933.9516666666667,115,261,0.441,39,120,0.325,20,34,0.588,69,127,196,74,45,42,20,102,289,19
1641750,Ryan Kalkbrenner,1610612766,CHA,24.0,43,22,21,0.512,986.0333333333333,150,198,0.758,0,2,0.0,54,80,0.675,106,151,257,28,45,27,64,73,354,-69
1642948,Ryan Nembhard,1610612742,DAL,22.0,38,16,22,0.421,713.35,105,245,0.429,33,87,0.379,10,13,0.769,8,60,68,186,55,10,1,52,253,-38
1631157,Ryan Rollins,1610612749,MIL,23.0,51,21,30,0.412,1632.7933333333333,330,712,0.463,122,300,0.407,78,103,0.757,42,193,235,278,122,75,20,140,860,-45
1630180,Saddiq Bey,1610612740,NOP,26.0,49,14,35,0.286,1494.0983333333334,278,624,0.446,93,267,0.348,162,192,0.844,79,208,287,121,35,45,2,57,811,-160
1630573,Sam Hauser,1610612738,BOS,28.0,51,34,17,0.667,1226.5816666666667,160,391,0.409,132,337,0.392,11,12,0.917,34,158,192,71,27,31,17,74,463,181
1630241,Sam Merrill,1610612739,CLE,29.0,31,22,9,0.71,785.5766666666667,138,285,0.484,109,231,0.472,36,41,0.878,21,50,71,70,29,19,5,81,421,167
1630572,Sandro Mamukelashvili,1610612761,TOR,26.0,53,30,23,0.566,1199.4666666666667,224,427,0.525,75,196,0.383,81,106,0.764,81,187,268,103,47,40,32,104,604,87
1630583,Santi Aldama,1610612763,MEM,25.0,43,19,24,0.442,1198.0783333333334,228,476,0.479,70,200,0.35,76,114,0.667,67,220,287,126,55,37,31,69,602,-48
1630703,Scoot Henderson,1610612757,POR,22.0,4,3,1,0.75,79.85,15,29,0.517,7,19,0.368,19,23,0.826,1,11,12,22,18,3,0,14,56,16
1630567,Scottie Barnes,1610612761,TOR,24.0,54,32,22,0.593,1855.99,406,806,0.504,49,163,0.301,182,222,0.82,118,336,454,303,143,70,86,154,1043,146
1630590,Scotty Pippen Jr.,1610612763,MEM,25.0,3,0,3,0.0,59.95,12,24,0.5,3,7,0.429,5,6,0.833,1,2,3,13,5,6,2,13,32,-12
203552,Seth Curry,1610612744,GSW,35.0,2,0,2,0.0,32.09,6,9,0.667,2,4,0.5,0,0,0.0,1,3,4,3,0,2,0,3,14,6
1631101,Shaedon Sharpe,1610612757,POR,22.0,48,22,26,0.458,1439.0783333333334,386,847,0.456,101,297,0.34,152,194,0.784,48,164,212,126,144,68,6,95,1025,-59
1628983,Shai Gilgeous-Alexander,1610612760,OKC,27.0,49,38,11,0.776,1632.41,534,964,0.554,87,223,0.39,403,452,0.892,27,191,218,314,103,64,38,101,1558,549
1630536,Sharife Cooper,1610612764,WAS,24.0,12,3,9,0.25,170.81833333333333,28,52,0.538,9,19,0.474,5,7,0.714,4,23,27,23,18,3,2,15,70,-67
1631321,Sidy Cissoko,1610612757,POR,21.0,50,24,26,0.48,1113.9116666666666,109,267,0.408,54,165,0.327,52,74,0.703,51,79,130,76,54,38,16,135,324,-31
1631323,Simone Fontecchio,1610612748,MIA,30.0,53,27,26,0.509,931.36,149,381,0.391,95,266,0.357,69,83,0.831,45,131,176,82,42,29,9,81,462,91
1642883,Sion James,1610612766,CHA,23.0,55,26,29,0.473,1315.6183333333333,95,251,0.378,54,148,0.365,65,76,0.855,31,158,189,107,50,30,17,100,309,-55
1627746,Skal Labissiere,1610612764,WAS,29.0,3,2,1,0.667,37.55,6,10,0.6,1,5,0.2,0,0,0.0,3,6,9,3,1,2,1,3,13,2
1642461,Spencer Jones,1610612743,DEN,24.0,46,30,16,0.652,1086.1483333333333,99,196,0.505,48,116,0.414,28,45,0.622,51,92,143,38,26,42,20,129,274,-18
1630649,Stanley Umude,1610612759,SAS,26.0,1,1,0,1.0,2.1666666666666665,0,0,0.0,0,0,0.0,0,0,0.0,0,0,0,0,0,0,0,1,0,-8
201939,Stephen Curry,1610612744,GSW,37.0,39,23,16,0.59,1221.6783333333333,348,744,0.468,175,448,0.391,190,204,0.931,16,122,138,189,111,44,16,74,1061,62
1642264,Stephon Castle,1610612759,SAS,21.0,44,31,13,0.705,1327.0666666666666,249,537,0.464,46,160,0.288,184,255,0.722,54,168,222,307,150,58,15,148,728,149
203500,Steven Adams,1610612745,HOU,32.0,32,21,11,0.656,730.365,70,139,0.504,0,0,0.0,47,81,0.58,145,131,276,48,35,22,20,55,187,194
1629004,Svi Mykhailiuk,1610612762,UTA,28.0,45,14,31,0.311,1071.1916666666666,151,316,0.478,81,204,0.397,23,25,0.92,30,83,113,85,38,23,3,61,406,-93
204456,T.J. McConnell,1610612754,IND,33.0,40,13,27,0.325,679.9916666666667,178,330,0.539,12,38,0.316,15,16,0.938,17,71,88,192,49,45,8,49,383,-66
1643007,Taelon Peter,1610612754,IND,23.0,24,4,20,0.167,195.51833333333335,19,58,0.328,16,53,0.302,4,6,0.667,6,22,28,23,10,9,2,12,58,-7
1631106,Tari Eason,1610612745,HOU,24.0,31,19,12,0.613,787.6366666666667,143,317,0.451,69,150,0.46,23,35,0.657,60,130,190,45,48,40,17,69,378,83
1627752,Taurean Prince,1610612749,MIL,31.0,8,5,3,0.625,168.93333333333334,17,38,0.447,12,28,0.429,3,3,1.0,0,13,13,8,5,6,2,20,49,13
1641707,Taylor Hendricks,1610612763,MEM,22.0,37,8,29,0.216,579.0916666666667,71,161,0.441,29,86,0.337,28,42,0.667,32,85,117,29,24,18,8,52,199,-222
1629611,Terance Mann,1610612751,BKN,29.0,46,13,33,0.283,1162.6433333333334,128,284,0.451,39,114,0.342,52,64,0.813,54,96,150,157,54,34,11,115,347,-135
1630545,Terrence Shannon Jr.,1610612750,MIN,25.0,22,14,8,0.636,281.99,32,81,0.395,15,37,0.405,21,27,0.778,6,22,28,14,15,7,1,29,100,-82
203648,Thanasis Antetokounmpo,1610612749,MIL,33.0,19,6,13,0.316,56.82,8,15,0.533,0,1,0.0,6,11,0.545,7,6,13,2,3,6,3,9,22,18
1628418,Thomas Bryant,1610612739,CLE,28.0,39,23,16,0.59,408.365,73,143,0.51,26,75,0.347,32,38,0.842,32,80,112,25,15,9,16,46,204,16
1642275,Tidjane Salaün,1610612766,CHA,20.0,32,16,16,0.5,512.2066666666667,73,142,0.514,31,71,0.437,24,34,0.706,24,115,139,26,24,13,7,48,201,33
203501,Tim Hardaway Jr.,1610612743,DEN,33.0,54,34,20,0.63,1487.0066666666667,246,543,0.453,155,379,0.409,116,135,0.859,10,132,142,71,25,28,8,67,763,149
202699,Tobias Harris,1610612765,DET,33.0,37,27,10,0.73,1033.35,179,393,0.455,52,147,0.354,87,99,0.879,35,146,181,86,40,31,9,66,497,160
1642449,Tolu Smith,1610612765,DET,25.0,6,4,2,0.667,69.90166666666667,8,18,0.444,0,0,0.0,13,18,0.722,12,19,31,6,5,2,5,9,29,0
1628396,Tony Bradley,1610612754,IND,28.0,38,9,29,0.237,416.27,59,106,0.557,1,2,0.5,32,43,0.744,56,51,107,20,17,6,7,60,151,-106
1641787,Tosan Evbuomwan,1610612766,CHA,24.0,5,4,1,0.8,7.713333333333333,0,1,0.0,0,0,0.0,0,0,0.0,1,1,2,0,0,0,0,1,0,-8
1641739,Toumani Camara,1610612757,POR,25.0,56,27,29,0.482,1873.2466666666667,261,592,0.441,146,395,0.37,66,94,0.702,97,203,300,144,111,56,25,178,734,-26
1629027,Trae Young,1610612764,WAS,27.0,10,2,8,0.2,280.10333333333335,56,135,0.415,18,59,0.305,63,73,0.863,0,15,15,89,26,10,1,20,193,-37
1631218,Trayce Jackson-Davis,1610612761,TOR,25.0,38,21,17,0.553,436.24333333333334,62,107,0.579,1,1,1.0,35,62,0.565,56,69,125,34,20,15,20,40,160,-67
1642848,Tre Johnson,1610612764,WAS,19.0,40,10,30,0.25,998.5766666666667,186,423,0.44,85,220,0.386,58,65,0.892,21,88,109,86,56,26,13,73,515,-122
1630200,Tre Jones,1610612741,CHI,26.0,38,20,18,0.526,1020.34,166,302,0.55,21,64,0.328,117,138,0.848,24,89,113,222,52,50,7,53,470,-26
1630544,Tre Mann,1610612766,CHA,25.0,34,16,18,0.471,543.925,91,249,0.365,43,130,0.331,18,21,0.857,20,58,78,73,45,17,4,57,243,-112
1630570,Trendon Watford,1610612755,PHI,25.0,32,15,17,0.469,529.8716666666667,79,155,0.51,10,29,0.345,31,43,0.721,26,83,109,85,36,9,10,65,199,-76
1642280,Trentyn Flowers,1610612741,CHI,20.0,2,0,2,0.0,5.55,2,3,0.667,0,1,0.0,0,0,0.0,1,0,1,1,1,0,0,1,4,-2
1641725,Trey Alexander,1610612740,NOP,22.0,5,1,4,0.2,41.626666666666665,6,9,0.667,2,3,0.667,0,0,0.0,0,4,4,5,1,1,1,4,14,0
1641998,Trey Jemison III,1610612752,NYK,26.0,10,8,2,0.8,56.83833333333333,4,7,0.571,0,0,0.0,1,1,1.0,7,8,15,2,5,1,2,7,9,-15
1630530,Trey Murphy III,1610612740,NOP,25.0,52,15,37,0.288,1852.9433333333334,404,848,0.476,168,445,0.378,173,194,0.892,55,242,297,199,95,78,16,110,1149,-190
1642400,Tristan Enaruna,1610612739,CLE,24.0,3,3,0,1.0,14.616666666666667,3,6,0.5,0,1,0.0,0,0,0.0,5,1,6,2,0,0,0,0,6,13
1641774,Tristan Vukcevic,1610612764,WAS,22.0,33,6,27,0.182,393.86333333333334,86,184,0.467,20,73,0.274,57,74,0.77,20,61,81,36,38,10,23,44,249,-139
1641783,Tristan da Silva,1610612753,ORL,24.0,48,26,22,0.542,1071.7316666666666,155,363,0.427,69,189,0.365,32,38,0.842,32,124,156,57,40,41,13,62,411,-9
1629660,Ty Jerome,1610612763,MEM,28.0,6,2,4,0.333,121.415,38,71,0.535,14,35,0.4,28,33,0.848,3,10,13,36,10,7,2,13,118,16
1631102,TyTy Washington Jr.,1610612746,LAC,24.0,5,2,3,0.4,39.666666666666664,7,12,0.583,3,6,0.5,0,0,0.0,1,1,2,9,1,4,2,2,17,-10
1629639,Tyler Herro,1610612748,MIA,26.0,11,4,7,0.364,348.6433333333333,90,181,0.497,24,67,0.358,37,41,0.902,6,46,52,30,17,11,5,22,241,-37
1642278,Tyler Kolek,1610612752,NYK,24.0,48,29,19,0.604,636.4083333333333,93,220,0.423,36,99,0.364,12,18,0.667,14,75,89,141,51,19,3,61,234,76
1631213,Tyrese Martin,1610612751,BKN,26.0,37,8,29,0.216,695.9933333333333,100,255,0.392,51,152,0.336,19,26,0.731,32,74,106,69,33,22,4,30,270,-180
1630178,Tyrese Maxey,1610612755,PHI,25.0,52,29,23,0.558,2007.6516666666666,524,1117,0.469,174,459,0.379,281,316,0.889,14,200,214,351,126,102,40,118,1503,96
1642878,Tyrese Proctor,1610612739,CLE,21.0,39,26,13,0.667,404.12833333333333,66,169,0.391,36,103,0.35,23,27,0.852,6,35,41,53,26,15,0,44,191,-40
1630623,Tyson Etienne,1610612751,BKN,26.0,8,1,7,0.125,34.4,4,15,0.267,4,13,0.308,0,0,0.0,0,0,0,1,1,0,0,5,12,19
1626145,Tyus Jones,1610612742,DAL,29.0,51,25,26,0.49,804.9333333333333,58,169,0.343,31,110,0.282,6,6,1.0,9,46,55,129,16,35,3,28,153,-109
1642845,VJ Edgecombe,1610612755,PHI,20.0,50,29,21,0.58,1767.935,276,653,0.423,100,284,0.352,92,117,0.786,81,189,270,206,91,74,25,151,744,36
1641705,Victor Wembanyama,1610612759,SAS,22.0,40,28,12,0.7,1161.3216666666667,334,654,0.511,73,201,0.363,235,290,0.81,78,365,443,110,105,38,106,108,976,305
1631246,Vince Williams Jr.,1610612762,UTA,25.0,38,16,22,0.421,788.7616666666667,101,281,0.359,53,169,0.314,37,46,0.804,38,111,149,161,67,28,16,76,292,20
1642884,Vladislav Goldin,1610612748,MIA,24.0,2,1,1,0.5,8.261666666666667,2,2,1.0,0,0,0.0,0,0,0.0,0,1,1,2,0,0,1,3,4,-2
1630249,Vít Krejčí,1610612757,POR,25.0,52,26,26,0.5,1158.68,165,356,0.463,112,273,0.41,31,41,0.756,23,85,108,80,32,42,16,119,473,-37
1631117,Walker Kessler,1610612762,UTA,24.0,5,2,3,0.4,153.98,26,37,0.703,6,8,0.75,14,20,0.7,23,31,54,15,16,7,9,22,72,14
1642383,Walter Clayton Jr.,1610612763,MEM,22.0,47,13,34,0.277,861.025,110,275,0.4,45,151,0.298,60,64,0.938,15,80,95,154,62,28,12,81,325,-128
1628976,Wendell Carter Jr.,1610612753,ORL,26.0,51,27,24,0.529,1505.695,210,427,0.492,57,172,0.331,115,145,0.793,108,267,375,106,61,41,35,182,592,18
1631111,Wendell Moore Jr.,1610612765,DET,24.0,5,4,1,0.8,54.471666666666664,4,7,0.571,0,1,0.0,2,2,1.0,1,5,6,3,1,2,2,1,10,43
1642954,Will Richard,1610612744,GSW,23.0,49,28,21,0.571,937.3083333333333,116,247,0.47,54,154,0.351,37,45,0.822,48,73,121,67,41,57,5,90,323,26
1642860,Will Riley,1610612764,WAS,20.0,45,13,32,0.289,746.5966666666667,113,274,0.412,36,110,0.327,51,66,0.773,36,65,101,64,40,27,5,39,313,-223
1630214,Xavier Tillman,1610612766,CHA,27.0,15,10,5,0.667,112.62333333333333,14,31,0.452,3,15,0.2,0,0,0.0,10,15,25,5,5,6,2,9,31,-34
1642905,Yang Hansen,1610612757,POR,20.0,34,18,16,0.529,255.26166666666666,25,84,0.298,5,37,0.135,19,20,0.95,16,38,54,21,29,3,8,40,74,-73
1642949,Yanic Konan Niederhäuser,1610612746,LAC,22.0,34,18,16,0.529,306.27666666666664,48,71,0.676,0,3,0.0,29,43,0.674,29,50,79,10,19,2,19,46,125,4
1642530,Yuki Kawamura,1610612741,CHI,24.0,4,1,3,0.25,76.14666666666666,5,17,0.294,4,13,0.308,6,6,1.0,3,13,16,22,4,5,0,4,20,-17
1642274,Yves Missi,1610612740,NOP,21.0,47,12,35,0.255,906.6033333333334,113,210,0.538,0,1,0.0,37,65,0.569,137,128,265,57,36,15,64,81,263,12
1642258,Zaccharie Risacher,1610612737,ATL,20.0,42,19,23,0.452,1017.89,172,383,0.449,64,182,0.352,35,58,0.603,36,109,145,56,40,38,22,92,443,-45
1628380,Zach Collins,1610612741,CHI,28.0,10,6,4,0.6,183.73666666666668,37,64,0.578,9,21,0.429,14,20,0.7,16,40,56,15,10,2,4,18,97,18
1641744,Zach Edey,1610612763,MEM,23.0,11,7,4,0.636,283.8516666666667,62,98,0.633,1,5,0.2,25,32,0.781,43,79,122,12,26,7,21,37,150,113
203897,Zach LaVine,1610612758,SAC,30.0,39,9,30,0.231,1224.2633333333333,262,547,0.479,99,254,0.39,125,142,0.88,8,100,108,89,74,28,10,81,748,-310
1630192,Zeke Nnaji,1610612743,DEN,25.0,39,27,12,0.692,500.4433333333333,60,123,0.488,11,40,0.275,33,40,0.825,29,79,108,21,21,13,20,52,164,-98
1630533,Ziaire Williams,1610612751,BKN,24.0,38,11,27,0.289,872.8116666666666,120,288,0.417,63,195,0.323,67,78,0.859,21,78,99,31,40,46,19,78,370,-169
1629627,Zion Williamson,1610612740,NOP,25.0,40,12,28,0.3,1187.2533333333333,320,548,0.584,0,3,0.0,224,315,0.711,90,154,244,140,92,39,24,94,864,-131
